file,columns,issue_type,rows_affected,pct_rows,fix_applied,why
ride_demand_train.csv,zone,"inconsistent zone spelling (55 variants: case, trailing spaces, C.M.C, Piazza, Mercato, Megenaga, Kazanches, Bole Rd, Kolfe Keranio)",32391,37.9,mapped to 12 canonical labels via an explicit alias table,zone is the join key to weather/events and the grouping key for every model
ride_demand_train.csv,pickup_hour,"3 timestamp formats (YYYY-MM-DD HH:MM, DD/MM/YYYY HH:MM, ISO with +03:00)",38574,45.14,parsed each format with an explicit format string; ISO offsets converted to EAT,inferred parsing would read day-first dates as month-first
ride_demand_train.csv,trips,sentinel value -1 (impossible for a count/duration),681,0.8,set to missing,-1 is a 'no reading' code; keeping it biases means and the model target
ride_demand_train.csv,avg_wait_min,sentinel value -1 (impossible for a count/duration),1707,2.0,set to missing,-1 is a 'no reading' code; keeping it biases means and the model target
ride_demand_train.csv,trips,blank target,845,0.99,kept as a missing zone-hour in the grid; excluded from training and scoring,imputing the target would invent training labels
ride_demand_train.csv,avg_fare_birr,blank fare,1277,1.49,left missing; zone medians used where a fare is needed (demo revenue),"fare is analysis-only, never a model input"
ride_demand_train.csv,trips,"inflated counts: trips/active_drivers >= 4.0 (normal ~1.3, no valid row above 2.7); 99% are exact multiples of 8",125,0.15,divided by 8 (restores ~1.3 trips per driver),"drivers, wait and fare stay normal on these rows, so the trip count was multiplied in export; a real surge would also raise active drivers"
ride_demand_train.csv,"zone, pickup_hour",duplicate zone-hour keys (same hour written in different formats/spellings; some with conflicting trips),1692,1.98,collapsed to one row per zone-hour: mean of valid values per column,"480 rows were exact copies; the rest differ by a trip or two, so the mean is the least-biased single value"
ride_demand_train.csv,(rows),zone not launched yet (Ayat starts 15 Mar 2025),1752,2.0,kept in grid as status 'prelaunch'; excluded from training and analysis means,zero demand before launch is not a demand pattern
ride_demand_train.csv,(rows),platform outage: no zone has data 12 May 02:00-13 May 19:00 (42 h),504,0.58,kept in grid as status 'outage'; excluded from training,"missing because the platform was down, not because demand was zero"
ride_demand_train.csv,(rows),random missing zone-hours (isolated records absent),682,0.78,kept in grid as 'random_gap'; lag features leave them NaN,scattered single hours; no evidence of a pattern
weather_hourly.csv,timestamp,2 formats: ISO with 'Z' and DD/MM/YYYY HH:MM without a zone,732,9.71,"parsed each with an explicit format; both shown to be on UTC (same temperature curve, see A2c)",a missing 'Z' does not mean local time
weather_hourly.csv,timestamp,"clock is UTC, trips are EAT (UTC+3)",7538,100.0,added 3 hours to every weather timestamp,forecast rows start 31 Oct 21:00 raw = 1 Nov 00:00 EAT; temperature peaks 12:00 raw = 15:00 EAT
weather_hourly.csv,temp_c,"temperature recorded in degF for 15 days (10 Jul-24 Jul, values 54-77)",354,4.7,converted (F - 32) x 5/9 for every row of a day whose median exceeds 35,a 60 degC hour is impossible in Addis; converted values join the neighbouring days smoothly
weather_hourly.csv,rain_mm,sentinel -9999 for 'no reading',76,1.01,"set to missing, then interpolated (below)",would wreck every rain average
weather_hourly.csv,temp_c,blank reading,42,0.56,time-interpolated from neighbouring hours,weather changes smoothly hour to hour
weather_hourly.csv,humidity_pct,blank reading,153,2.03,time-interpolated from neighbouring hours,weather changes smoothly hour to hour
weather_hourly.csv,timestamp,duplicate hours with conflicting values,150,1.99,averaged to one row per hour (data_type kept),no way to know which reading is right; the mean halves the error
weather_hourly.csv,timestamp,missing hours (gaps in the hourly series),193,2.56,"reindexed to a full hourly series and time-interpolated (rain: interpolated, never negative)",every zone-hour needs a weather row for the many-to-one join
events_calendar.csv,event_type,"20 spellings of 8 types (case, spaces vs underscores)",94,56.97,"lower-cased, spaces to underscores, validated against the 8-type list",type drives the window rule and the per-type features
events_calendar.csv,zone,"zone text not a clean label: case variants, extra text in brackets ('Kazanchis (Kirkos)'), multi-zone 'A & B', Citywide/ALL/All zones/city-wide",87,52.73,parsed to a list of canonical zones; city-wide expands to all 12,an event affects demand only in the zones it touches
events_calendar.csv,"start_datetime, end_datetime","3 date formats (YYYY-MM-DD, day-first DD/MM/YYYY, 'Feb 06, 2025 08:00 PM')",129,78.18,"explicit format per pattern; day-first confirmed (first field > 12 on many rows, second field never > 12)",month-first parsing would move events by months
events_calendar.csv,status,"inconsistent case/whitespace (confirmed, Confirmed, CONFIRMED, 'CONFIRMED ', CANCELLED)",28,16.97,lower-cased and stripped,cancelled events must be identified reliably
events_calendar.csv,(rows),duplicate events re-entered under a new id (EVT-9xxx),6,3.64,dropped the later copy,a duplicated event would double its feature values
events_calendar.csv,end_datetime,missing end time,4,2.42,filled with start + median duration of that event type,every event needs an interval for the window join
events_calendar.csv,end_datetime,end earlier than start,1,0.61,replaced with start + median duration of that event type,"a swap would give a 2 h exhibition, so the end itself is wrong"
events_calendar.csv,expected_attendance,"free text ('approx 34000', '16,007')",23,13.94,kept digits only,attendance becomes a numeric feature
events_calendar.csv,expected_attendance,blank attendance,53,32.12,"filled with the median of the same event type (holidays, closures, breaks stay 0)",most blanks are types where attendance is meaningless
