feature,rmse_increase,sd,family
profile_zone_dow_hour,27.882348275169477,0.22020784681171113,lag / trend
lag_mean_2to4w,0.795554344001778,0.08370008445299601,lag / trend
rain_mm,0.4592751630124656,0.02674117039411254,weather
hour,0.3081911579459149,0.029916203183804,calendar
is_payday_window,0.11332608265900213,0.01963072142217768,calendar
lag_21d,0.08695401167355107,0.028404006112405587,lag / trend
zone_type_code,0.08306789464575352,0.014565271620169426,zone
zone_code,0.07390690803855157,0.013221829827386915,zone
ev_log_attendance,0.06603130332489685,0.02330942497721594,events
rain_class,0.05034838516928808,0.006902374019002777,weather
zone_level_2to4w,0.049390119580824884,0.028319119189068914,lag / trend
lag_28d,0.04399202249995397,0.020813955997922875,lag / trend
dow,0.043804893682316146,0.012992497506943429,calendar
lag_14d,0.04104092596393834,0.028249728254141945,lag / trend
temp_c,0.03654343888970253,0.02343297760813229,weather
day_of_month,0.03376727920167468,0.009954314415729004,calendar
ev_conference_window,0.03134187188479345,0.007231045425787185,events
ev_pre,0.02854063109104743,0.008117979838203412,events
wind_kmh,0.023017426562678977,0.008629587923749679,weather
ev_road_closure,0.009733161349299024,0.006118450088229053,events
ev_post,0.009635513750575697,0.002280823577825796,events
ev_hours_since_major_end,0.00942927772817761,0.002860189591214572,events
ev_concert_window,0.007992592668862385,0.000948823482713187,events
humidity_pct,0.007006949816922514,0.008219000092987329,weather
is_weekend,0.002643817099714596,0.001392645495605065,calendar
ev_hours_to_major_start,0.0008639697750734143,0.0015524421307815312,events
month,0.0,0.0,calendar
is_public_holiday,0.0,0.0,calendar
ev_sports_run_window,0.0,0.0,events
is_holiday_eve,0.0,0.0,calendar
is_school_break,0.0,0.0,calendar
trend_days,0.0,0.0,calendar
rain_3h,-3.6350331134826776e-05,0.0023405639940946047,weather
ev_football_window,-0.00037338965970050707,0.00011481633047022957,events
ev_exhibition_window,-0.01807077173033562,0.013904156130329727,events
ev_during,-0.019706029695774775,0.0058724956832568705,events
