row_id,predicted_trips
TEST-00001,34.32
TEST-00002,50.09
TEST-00003,31.75
TEST-00004,82.26
TEST-00005,23.31
TEST-00006,22.28
TEST-00007,7.17
TEST-00008,64.92
TEST-00009,44.5
TEST-00010,50.02
TEST-00011,17.35
TEST-00012,5.67
TEST-00013,39.06
TEST-00014,5.8
TEST-00015,44.58
TEST-00016,21.02
TEST-00017,42.69
TEST-00018,17.42
TEST-00019,114.44
TEST-00020,50.23
TEST-00021,18.05
TEST-00022,22.83
TEST-00023,73.69
TEST-00024,5.75
TEST-00025,47.23
TEST-00026,31.91
TEST-00027,15.96
TEST-00028,4.77
TEST-00029,17.67
TEST-00030,10.23
TEST-00031,5.74
TEST-00032,82.4
TEST-00033,25.03
TEST-00034,20.67
TEST-00035,55.83
TEST-00036,33.34
TEST-00037,62.22
TEST-00038,37.1
TEST-00039,22.81
TEST-00040,18.33
TEST-00041,12.28
TEST-00042,8.37
TEST-00043,12.5
TEST-00044,8.63
TEST-00045,41.14
TEST-00046,5.74
TEST-00047,110.65
TEST-00048,21.8
TEST-00049,16.74
TEST-00050,48.8
TEST-00051,45.03
TEST-00052,9.11
TEST-00053,20.7
TEST-00054,29.82
TEST-00055,64.52
TEST-00056,38.1
TEST-00057,49.9
TEST-00058,77.56
TEST-00059,105.81
TEST-00060,31.05
TEST-00061,27.02
TEST-00062,18.33
TEST-00063,4.71
TEST-00064,9.15
TEST-00065,37.03
TEST-00066,67.47
TEST-00067,8.9
TEST-00068,23.41
TEST-00069,23.96
TEST-00070,28.35
TEST-00071,45.61
TEST-00072,32.51
TEST-00073,37.85
TEST-00074,29.94
TEST-00075,107.45
TEST-00076,44.37
TEST-00077,34.18
TEST-00078,6.81
TEST-00079,16.49
TEST-00080,6.81
TEST-00081,5.0
TEST-00082,21.22
TEST-00083,19.66
TEST-00084,29.18
TEST-00085,17.83
TEST-00086,43.46
TEST-00087,5.09
TEST-00088,31.56
TEST-00089,32.02
TEST-00090,40.53
TEST-00091,12.16
TEST-00092,30.74
TEST-00093,10.79
TEST-00094,40.59
TEST-00095,17.4
TEST-00096,91.89
TEST-00097,34.13
TEST-00098,3.96
TEST-00099,18.59
TEST-00100,4.88
TEST-00101,22.66
TEST-00102,60.47
TEST-00103,20.03
TEST-00104,52.27
TEST-00105,32.39
TEST-00106,50.6
TEST-00107,40.98
TEST-00108,29.47
TEST-00109,44.45
TEST-00110,35.52
TEST-00111,21.78
TEST-00112,24.21
TEST-00113,4.85
TEST-00114,49.65
TEST-00115,5.68
TEST-00116,69.55
TEST-00117,23.74
TEST-00118,32.5
TEST-00119,25.85
TEST-00120,101.5
TEST-00121,30.47
TEST-00122,24.26
TEST-00123,28.6
TEST-00124,73.19
TEST-00125,16.15
TEST-00126,3.07
TEST-00127,22.11
TEST-00128,76.09
TEST-00129,17.81
TEST-00130,6.46
TEST-00131,42.36
TEST-00132,5.38
TEST-00133,3.75
TEST-00134,49.16
TEST-00135,24.46
TEST-00136,21.58
TEST-00137,32.68
TEST-00138,17.13
TEST-00139,11.41
TEST-00140,16.43
TEST-00141,7.15
TEST-00142,4.81
TEST-00143,20.9
TEST-00144,60.47
TEST-00145,39.34
TEST-00146,7.01
TEST-00147,18.38
TEST-00148,8.42
TEST-00149,6.55
TEST-00150,34.45
TEST-00151,2.61
TEST-00152,9.68
TEST-00153,44.25
TEST-00154,18.22
TEST-00155,22.7
TEST-00156,64.11
TEST-00157,21.12
TEST-00158,5.05
TEST-00159,17.25
TEST-00160,12.46
TEST-00161,60.79
TEST-00162,30.61
TEST-00163,93.69
TEST-00164,34.89
TEST-00165,5.14
TEST-00166,31.1
TEST-00167,5.24
TEST-00168,70.7
TEST-00169,6.59
TEST-00170,3.58
TEST-00171,26.19
TEST-00172,39.08
TEST-00173,8.41
TEST-00174,43.43
TEST-00175,45.36
TEST-00176,30.47
TEST-00177,26.01
TEST-00178,23.15
TEST-00179,54.44
TEST-00180,70.04
TEST-00181,12.18
TEST-00182,37.75
TEST-00183,38.47
TEST-00184,59.7
TEST-00185,100.53
TEST-00186,7.58
TEST-00187,38.67
TEST-00188,23.45
TEST-00189,39.47
TEST-00190,3.9
TEST-00191,34.67
TEST-00192,18.03
TEST-00193,12.84
TEST-00194,44.47
TEST-00195,21.11
TEST-00196,20.63
TEST-00197,60.51
TEST-00198,57.48
TEST-00199,67.17
TEST-00200,68.74
TEST-00201,5.56
TEST-00202,38.92
TEST-00203,43.08
TEST-00204,39.15
TEST-00205,18.22
TEST-00206,4.32
TEST-00207,5.79
TEST-00208,57.18
TEST-00209,9.5
TEST-00210,47.18
TEST-00211,45.66
TEST-00212,11.51
TEST-00213,47.21
TEST-00214,4.85
TEST-00215,44.66
TEST-00216,23.72
TEST-00217,51.28
TEST-00218,7.99
TEST-00219,34.62
TEST-00220,44.89
TEST-00221,6.23
TEST-00222,72.52
TEST-00223,5.14
TEST-00224,4.67
TEST-00225,35.77
TEST-00226,45.65
TEST-00227,6.11
TEST-00228,44.13
TEST-00229,45.79
TEST-00230,59.47
TEST-00231,34.19
TEST-00232,27.43
TEST-00233,19.88
TEST-00234,37.52
TEST-00235,22.54
TEST-00236,6.01
TEST-00237,25.29
TEST-00238,6.08
TEST-00239,6.66
TEST-00240,4.57
TEST-00241,7.43
TEST-00242,4.2
TEST-00243,50.17
TEST-00244,24.66
TEST-00245,7.93
TEST-00246,57.73
TEST-00247,25.6
TEST-00248,14.5
TEST-00249,33.05
TEST-00250,22.38
TEST-00251,57.0
TEST-00252,3.07
TEST-00253,41.69
TEST-00254,6.58
TEST-00255,7.93
TEST-00256,24.91
TEST-00257,19.36
TEST-00258,53.42
TEST-00259,27.97
TEST-00260,28.31
TEST-00261,27.96
TEST-00262,4.42
TEST-00263,30.88
TEST-00264,47.15
TEST-00265,18.96
TEST-00266,95.62
TEST-00267,34.7
TEST-00268,25.11
TEST-00269,40.9
TEST-00270,16.1
TEST-00271,90.8
TEST-00272,15.87
TEST-00273,27.53
TEST-00274,21.62
TEST-00275,22.05
TEST-00276,20.29
TEST-00277,29.97
TEST-00278,8.92
TEST-00279,15.67
TEST-00280,12.16
TEST-00281,34.19
TEST-00282,41.1
TEST-00283,119.94
TEST-00284,6.4
TEST-00285,22.71
TEST-00286,8.26
TEST-00287,40.74
TEST-00288,3.57
TEST-00289,108.63
TEST-00290,58.99
TEST-00291,24.01
TEST-00292,56.63
TEST-00293,35.0
TEST-00294,4.11
TEST-00295,16.7
TEST-00296,11.38
TEST-00297,8.96
TEST-00298,21.5
TEST-00299,3.27
TEST-00300,4.32
TEST-00301,5.55
TEST-00302,18.99
TEST-00303,5.14
TEST-00304,42.22
TEST-00305,34.94
TEST-00306,17.58
TEST-00307,50.98
TEST-00308,8.24
TEST-00309,7.57
TEST-00310,38.38
TEST-00311,4.12
TEST-00312,29.77
TEST-00313,6.58
TEST-00314,48.69
TEST-00315,48.22
TEST-00316,5.88
TEST-00317,54.61
TEST-00318,50.85
TEST-00319,15.38
TEST-00320,31.92
TEST-00321,35.12
TEST-00322,6.99
TEST-00323,121.42
TEST-00324,5.48
TEST-00325,6.48
TEST-00326,30.14
TEST-00327,5.22
TEST-00328,25.96
TEST-00329,45.91
TEST-00330,32.8
TEST-00331,42.74
TEST-00332,4.47
TEST-00333,4.35
TEST-00334,3.69
TEST-00335,26.26
TEST-00336,16.35
TEST-00337,7.88
TEST-00338,4.92
TEST-00339,21.76
TEST-00340,6.09
TEST-00341,4.11
TEST-00342,39.02
TEST-00343,57.83
TEST-00344,23.98
TEST-00345,41.64
TEST-00346,7.65
TEST-00347,5.91
TEST-00348,10.05
TEST-00349,39.35
TEST-00350,126.02
TEST-00351,5.08
TEST-00352,35.62
TEST-00353,19.89
TEST-00354,65.34
TEST-00355,18.08
TEST-00356,49.21
TEST-00357,75.92
TEST-00358,25.45
TEST-00359,47.61
TEST-00360,11.8
TEST-00361,26.81
TEST-00362,63.15
TEST-00363,3.69
TEST-00364,8.82
TEST-00365,41.57
TEST-00366,36.74
TEST-00367,6.67
TEST-00368,5.11
TEST-00369,3.58
TEST-00370,47.16
TEST-00371,22.63
TEST-00372,2.96
TEST-00373,5.61
TEST-00374,11.52
TEST-00375,19.28
TEST-00376,5.08
TEST-00377,20.82
TEST-00378,29.49
TEST-00379,21.48
TEST-00380,9.68
TEST-00381,7.93
TEST-00382,8.01
TEST-00383,25.26
TEST-00384,68.94
TEST-00385,5.37
TEST-00386,4.51
TEST-00387,33.0
TEST-00388,59.0
TEST-00389,60.59
TEST-00390,39.15
TEST-00391,48.75
TEST-00392,22.37
TEST-00393,19.93
TEST-00394,4.44
TEST-00395,53.28
TEST-00396,7.68
TEST-00397,42.38
TEST-00398,52.73
TEST-00399,64.3
TEST-00400,58.61
TEST-00401,21.29
TEST-00402,32.74
TEST-00403,33.68
TEST-00404,54.48
TEST-00405,75.92
TEST-00406,15.54
TEST-00407,4.93
TEST-00408,51.28
TEST-00409,6.25
TEST-00410,48.11
TEST-00411,22.08
TEST-00412,44.13
TEST-00413,9.43
TEST-00414,34.07
TEST-00415,5.65
TEST-00416,18.09
TEST-00417,4.77
TEST-00418,50.07
TEST-00419,26.28
TEST-00420,7.43
TEST-00421,6.35
TEST-00422,6.27
TEST-00423,58.68
TEST-00424,43.29
TEST-00425,59.2
TEST-00426,5.55
TEST-00427,20.63
TEST-00428,7.41
TEST-00429,26.92
TEST-00430,12.39
TEST-00431,67.56
TEST-00432,34.76
TEST-00433,21.3
TEST-00434,45.47
TEST-00435,40.93
TEST-00436,6.16
TEST-00437,44.56
TEST-00438,31.15
TEST-00439,113.01
TEST-00440,24.06
TEST-00441,47.1
TEST-00442,70.26
TEST-00443,60.71
TEST-00444,13.85
TEST-00445,61.66
TEST-00446,19.34
TEST-00447,5.42
TEST-00448,65.22
TEST-00449,46.48
TEST-00450,6.64
TEST-00451,16.43
TEST-00452,26.6
TEST-00453,16.83
TEST-00454,10.03
TEST-00455,52.44
TEST-00456,77.26
TEST-00457,63.71
TEST-00458,15.9
TEST-00459,46.43
TEST-00460,47.63
TEST-00461,107.06
TEST-00462,4.94
TEST-00463,5.76
TEST-00464,28.18
TEST-00465,33.57
TEST-00466,16.28
TEST-00467,62.83
TEST-00468,48.1
TEST-00469,44.82
TEST-00470,22.59
TEST-00471,4.87
TEST-00472,19.52
TEST-00473,43.79
TEST-00474,7.7
TEST-00475,9.01
TEST-00476,23.22
TEST-00477,101.1
TEST-00478,131.86
TEST-00479,17.25
TEST-00480,46.7
TEST-00481,54.31
TEST-00482,7.69
TEST-00483,5.57
TEST-00484,6.2
TEST-00485,55.08
TEST-00486,70.92
TEST-00487,36.07
TEST-00488,31.09
TEST-00489,12.69
TEST-00490,62.5
TEST-00491,22.15
TEST-00492,8.15
TEST-00493,4.57
TEST-00494,77.64
TEST-00495,33.11
TEST-00496,22.04
TEST-00497,11.77
TEST-00498,91.66
TEST-00499,59.76
TEST-00500,30.86
TEST-00501,44.12
TEST-00502,7.78
TEST-00503,5.32
TEST-00504,33.95
TEST-00505,15.51
TEST-00506,15.6
TEST-00507,55.23
TEST-00508,4.81
TEST-00509,51.93
TEST-00510,59.68
TEST-00511,6.03
TEST-00512,23.05
TEST-00513,73.37
TEST-00514,5.48
TEST-00515,38.04
TEST-00516,54.67
TEST-00517,21.91
TEST-00518,76.97
TEST-00519,24.86
TEST-00520,36.47
TEST-00521,46.91
TEST-00522,42.97
TEST-00523,15.75
TEST-00524,65.83
TEST-00525,20.75
TEST-00526,16.71
TEST-00527,49.7
TEST-00528,2.92
TEST-00529,15.0
TEST-00530,25.61
TEST-00531,84.55
TEST-00532,4.73
TEST-00533,21.66
TEST-00534,43.17
TEST-00535,50.44
TEST-00536,35.89
TEST-00537,37.78
TEST-00538,138.28
TEST-00539,8.77
TEST-00540,17.91
TEST-00541,85.6
TEST-00542,37.74
TEST-00543,28.68
TEST-00544,9.23
TEST-00545,33.94
TEST-00546,4.15
TEST-00547,40.77
TEST-00548,19.27
TEST-00549,19.32
TEST-00550,23.14
TEST-00551,34.97
TEST-00552,33.76
TEST-00553,18.41
TEST-00554,46.43
TEST-00555,36.74
TEST-00556,57.01
TEST-00557,33.15
TEST-00558,47.27
TEST-00559,53.44
TEST-00560,46.57
TEST-00561,83.01
TEST-00562,41.29
TEST-00563,45.41
TEST-00564,33.86
TEST-00565,43.8
TEST-00566,6.33
TEST-00567,31.18
TEST-00568,29.05
TEST-00569,30.12
TEST-00570,68.04
TEST-00571,7.51
TEST-00572,37.76
TEST-00573,7.55
TEST-00574,9.39
TEST-00575,38.29
TEST-00576,3.94
TEST-00577,26.61
TEST-00578,9.22
TEST-00579,20.57
TEST-00580,107.55
TEST-00581,17.62
TEST-00582,9.11
TEST-00583,107.6
TEST-00584,6.14
TEST-00585,39.11
TEST-00586,8.8
TEST-00587,4.53
TEST-00588,11.0
TEST-00589,27.36
TEST-00590,4.55
TEST-00591,17.85
TEST-00592,50.68
TEST-00593,33.37
TEST-00594,34.62
TEST-00595,35.23
TEST-00596,45.96
TEST-00597,4.09
TEST-00598,27.47
TEST-00599,3.23
TEST-00600,31.96
TEST-00601,45.38
TEST-00602,64.92
TEST-00603,41.21
TEST-00604,35.0
TEST-00605,32.66
TEST-00606,44.79
TEST-00607,20.01
TEST-00608,50.51
TEST-00609,15.57
TEST-00610,3.85
TEST-00611,35.68
TEST-00612,27.7
TEST-00613,45.9
TEST-00614,8.34
TEST-00615,17.82
TEST-00616,47.31
TEST-00617,38.47
TEST-00618,48.17
TEST-00619,4.23
TEST-00620,22.97
TEST-00621,102.27
TEST-00622,4.43
TEST-00623,23.29
TEST-00624,23.8
TEST-00625,58.02
TEST-00626,56.19
TEST-00627,112.19
TEST-00628,61.57
TEST-00629,58.13
TEST-00630,5.76
TEST-00631,40.39
TEST-00632,44.95
TEST-00633,25.66
TEST-00634,9.41
TEST-00635,5.86
TEST-00636,8.21
TEST-00637,3.9
TEST-00638,53.51
TEST-00639,16.94
TEST-00640,7.34
TEST-00641,4.35
TEST-00642,34.42
TEST-00643,16.55
TEST-00644,8.96
TEST-00645,38.58
TEST-00646,54.2
TEST-00647,49.44
TEST-00648,11.33
TEST-00649,60.81
TEST-00650,20.53
TEST-00651,38.73
TEST-00652,48.58
TEST-00653,15.9
TEST-00654,3.66
TEST-00655,16.9
TEST-00656,44.14
TEST-00657,5.94
TEST-00658,44.99
TEST-00659,51.03
TEST-00660,100.26
TEST-00661,16.52
TEST-00662,24.66
TEST-00663,5.93
TEST-00664,31.19
TEST-00665,71.3
TEST-00666,72.52
TEST-00667,56.83
TEST-00668,59.02
TEST-00669,5.01
TEST-00670,43.08
TEST-00671,41.27
TEST-00672,34.89
TEST-00673,32.52
TEST-00674,53.57
TEST-00675,16.78
TEST-00676,48.31
TEST-00677,5.26
TEST-00678,37.57
TEST-00679,3.0
TEST-00680,44.59
TEST-00681,65.37
TEST-00682,25.85
TEST-00683,35.34
TEST-00684,47.76
TEST-00685,64.96
TEST-00686,82.36
TEST-00687,49.66
TEST-00688,21.95
TEST-00689,5.54
TEST-00690,7.44
TEST-00691,20.14
TEST-00692,58.97
TEST-00693,61.99
TEST-00694,26.74
TEST-00695,56.0
TEST-00696,5.85
TEST-00697,12.28
TEST-00698,3.16
TEST-00699,21.31
TEST-00700,70.27
TEST-00701,61.21
TEST-00702,16.84
TEST-00703,27.21
TEST-00704,6.31
TEST-00705,42.04
TEST-00706,22.52
TEST-00707,25.07
TEST-00708,7.01
TEST-00709,29.43
TEST-00710,7.11
TEST-00711,43.47
TEST-00712,4.42
TEST-00713,14.48
TEST-00714,46.0
TEST-00715,40.35
TEST-00716,42.32
TEST-00717,5.05
TEST-00718,43.46
TEST-00719,5.2
TEST-00720,44.92
TEST-00721,4.8
TEST-00722,2.95
TEST-00723,22.78
TEST-00724,39.37
TEST-00725,82.72
TEST-00726,36.21
TEST-00727,3.42
TEST-00728,34.05
TEST-00729,4.13
TEST-00730,37.16
TEST-00731,5.63
TEST-00732,4.48
TEST-00733,18.63
TEST-00734,20.62
TEST-00735,33.0
TEST-00736,14.3
TEST-00737,64.35
TEST-00738,24.71
TEST-00739,30.45
TEST-00740,10.59
TEST-00741,33.01
TEST-00742,16.0
TEST-00743,17.65
TEST-00744,22.93
TEST-00745,14.86
TEST-00746,51.13
TEST-00747,136.44
TEST-00748,15.32
TEST-00749,11.37
TEST-00750,47.22
TEST-00751,6.43
TEST-00752,36.76
TEST-00753,8.76
TEST-00754,4.17
TEST-00755,26.56
TEST-00756,6.12
TEST-00757,19.7
TEST-00758,6.52
TEST-00759,4.07
TEST-00760,7.09
TEST-00761,11.9
TEST-00762,59.3
TEST-00763,9.84
TEST-00764,48.9
TEST-00765,11.05
TEST-00766,31.7
TEST-00767,5.51
TEST-00768,6.71
TEST-00769,18.16
TEST-00770,39.85
TEST-00771,17.71
TEST-00772,81.39
TEST-00773,4.63
TEST-00774,16.86
TEST-00775,3.5
TEST-00776,51.03
TEST-00777,5.86
TEST-00778,13.99
TEST-00779,32.84
TEST-00780,4.64
TEST-00781,4.3
TEST-00782,82.2
TEST-00783,2.79
TEST-00784,3.71
TEST-00785,45.46
TEST-00786,73.61
TEST-00787,22.65
TEST-00788,6.2
TEST-00789,27.41
TEST-00790,48.41
TEST-00791,62.77
TEST-00792,47.78
TEST-00793,38.88
TEST-00794,4.63
TEST-00795,25.19
TEST-00796,17.25
TEST-00797,46.37
TEST-00798,7.95
TEST-00799,31.0
TEST-00800,5.17
TEST-00801,8.25
TEST-00802,86.4
TEST-00803,76.47
TEST-00804,66.52
TEST-00805,72.03
TEST-00806,4.52
TEST-00807,44.87
TEST-00808,100.41
TEST-00809,5.14
TEST-00810,25.5
TEST-00811,13.41
TEST-00812,93.22
TEST-00813,26.27
TEST-00814,41.1
TEST-00815,50.13
TEST-00816,26.23
TEST-00817,11.18
TEST-00818,40.78
TEST-00819,34.75
TEST-00820,16.83
TEST-00821,49.7
TEST-00822,25.76
TEST-00823,9.33
TEST-00824,23.95
TEST-00825,31.78
TEST-00826,66.73
TEST-00827,9.34
TEST-00828,8.34
TEST-00829,78.07
TEST-00830,6.85
TEST-00831,18.23
TEST-00832,31.04
TEST-00833,35.0
TEST-00834,26.68
TEST-00835,109.67
TEST-00836,9.94
TEST-00837,21.46
TEST-00838,49.12
TEST-00839,27.35
TEST-00840,19.57
TEST-00841,3.63
TEST-00842,4.92
TEST-00843,19.09
TEST-00844,84.95
TEST-00845,51.22
TEST-00846,44.95
TEST-00847,10.77
TEST-00848,38.73
TEST-00849,6.8
TEST-00850,94.17
TEST-00851,15.4
TEST-00852,23.27
TEST-00853,21.74
TEST-00854,36.63
TEST-00855,6.22
TEST-00856,47.14
TEST-00857,36.05
TEST-00858,6.17
TEST-00859,59.62
TEST-00860,38.83
TEST-00861,65.19
TEST-00862,47.79
TEST-00863,18.5
TEST-00864,39.98
TEST-00865,4.94
TEST-00866,45.61
TEST-00867,16.18
TEST-00868,28.03
TEST-00869,123.71
TEST-00870,36.58
TEST-00871,83.03
TEST-00872,7.84
TEST-00873,31.82
TEST-00874,38.53
TEST-00875,34.21
TEST-00876,50.18
TEST-00877,42.99
TEST-00878,18.82
TEST-00879,2.7
TEST-00880,16.66
TEST-00881,26.45
TEST-00882,37.37
TEST-00883,91.33
TEST-00884,27.15
TEST-00885,61.1
TEST-00886,90.44
TEST-00887,15.56
TEST-00888,79.87
TEST-00889,7.33
TEST-00890,80.79
TEST-00891,6.56
TEST-00892,24.79
TEST-00893,42.43
TEST-00894,87.01
TEST-00895,53.23
TEST-00896,5.18
TEST-00897,47.35
TEST-00898,31.24
TEST-00899,9.36
TEST-00900,3.43
TEST-00901,3.32
TEST-00902,4.68
TEST-00903,5.86
TEST-00904,28.14
TEST-00905,78.34
TEST-00906,19.16
TEST-00907,8.21
TEST-00908,19.33
TEST-00909,51.15
TEST-00910,56.53
TEST-00911,28.98
TEST-00912,23.42
TEST-00913,59.04
TEST-00914,70.48
TEST-00915,17.64
TEST-00916,19.52
TEST-00917,66.1
TEST-00918,70.94
TEST-00919,45.69
TEST-00920,28.64
TEST-00921,23.08
TEST-00922,23.4
TEST-00923,4.56
TEST-00924,48.1
TEST-00925,19.93
TEST-00926,47.3
TEST-00927,4.45
TEST-00928,53.95
TEST-00929,4.03
TEST-00930,35.14
TEST-00931,44.61
TEST-00932,21.14
TEST-00933,25.61
TEST-00934,87.17
TEST-00935,45.6
TEST-00936,22.83
TEST-00937,7.17
TEST-00938,81.47
TEST-00939,30.32
TEST-00940,24.73
TEST-00941,6.46
TEST-00942,9.97
TEST-00943,129.25
TEST-00944,8.82
TEST-00945,76.26
TEST-00946,54.17
TEST-00947,6.55
TEST-00948,6.41
TEST-00949,32.79
TEST-00950,6.99
TEST-00951,15.99
TEST-00952,6.94
TEST-00953,80.74
TEST-00954,54.68
TEST-00955,10.29
TEST-00956,98.72
TEST-00957,21.38
TEST-00958,44.74
TEST-00959,18.87
TEST-00960,5.37
TEST-00961,21.59
TEST-00962,23.58
TEST-00963,40.18
TEST-00964,44.66
TEST-00965,24.86
TEST-00966,17.76
TEST-00967,65.61
TEST-00968,55.55
TEST-00969,39.3
TEST-00970,20.19
TEST-00971,51.73
TEST-00972,36.91
TEST-00973,111.8
TEST-00974,59.53
TEST-00975,57.76
TEST-00976,26.56
TEST-00977,31.37
TEST-00978,68.13
TEST-00979,47.03
TEST-00980,9.38
TEST-00981,46.91
TEST-00982,8.49
TEST-00983,24.51
TEST-00984,42.99
TEST-00985,52.91
TEST-00986,85.67
TEST-00987,46.78
TEST-00988,53.39
TEST-00989,15.38
TEST-00990,33.14
TEST-00991,33.5
TEST-00992,60.03
TEST-00993,57.75
TEST-00994,6.69
TEST-00995,4.45
TEST-00996,47.02
TEST-00997,34.59
TEST-00998,34.92
TEST-00999,3.84
TEST-01000,22.55
TEST-01001,104.21
TEST-01002,7.53
TEST-01003,8.12
TEST-01004,35.0
TEST-01005,18.52
TEST-01006,27.63
TEST-01007,4.26
TEST-01008,5.86
TEST-01009,15.01
TEST-01010,7.25
TEST-01011,7.69
TEST-01012,61.2
TEST-01013,41.69
TEST-01014,104.04
TEST-01015,12.91
TEST-01016,22.17
TEST-01017,7.01
TEST-01018,58.25
TEST-01019,20.32
TEST-01020,44.92
TEST-01021,5.03
TEST-01022,3.24
TEST-01023,4.39
TEST-01024,7.64
TEST-01025,72.83
TEST-01026,24.11
TEST-01027,57.21
TEST-01028,5.55
TEST-01029,59.17
TEST-01030,76.5
TEST-01031,4.11
TEST-01032,14.99
TEST-01033,3.59
TEST-01034,4.06
TEST-01035,47.34
TEST-01036,32.45
TEST-01037,21.66
TEST-01038,19.37
TEST-01039,51.06
TEST-01040,35.38
TEST-01041,11.68
TEST-01042,48.91
TEST-01043,6.19
TEST-01044,44.74
TEST-01045,4.21
TEST-01046,14.28
TEST-01047,8.94
TEST-01048,5.96
TEST-01049,37.74
TEST-01050,9.29
TEST-01051,44.81
TEST-01052,4.76
TEST-01053,45.35
TEST-01054,20.86
TEST-01055,32.52
TEST-01056,24.74
TEST-01057,33.64
TEST-01058,22.96
TEST-01059,34.07
TEST-01060,3.0
TEST-01061,4.23
TEST-01062,54.56
TEST-01063,19.14
TEST-01064,29.1
TEST-01065,40.93
TEST-01066,40.49
TEST-01067,23.18
TEST-01068,3.71
TEST-01069,5.45
TEST-01070,4.84
TEST-01071,9.27
TEST-01072,45.97
TEST-01073,53.21
TEST-01074,37.96
TEST-01075,39.83
TEST-01076,30.6
TEST-01077,24.92
TEST-01078,23.5
TEST-01079,36.64
TEST-01080,18.35
TEST-01081,35.48
TEST-01082,52.43
TEST-01083,42.97
TEST-01084,81.64
TEST-01085,6.88
TEST-01086,61.83
TEST-01087,37.84
TEST-01088,60.31
TEST-01089,7.03
TEST-01090,77.87
TEST-01091,31.38
TEST-01092,134.28
TEST-01093,18.47
TEST-01094,24.26
TEST-01095,11.68
TEST-01096,11.36
TEST-01097,4.23
TEST-01098,18.21
TEST-01099,6.87
TEST-01100,37.96
TEST-01101,20.28
TEST-01102,69.69
TEST-01103,22.55
TEST-01104,54.63
TEST-01105,28.84
TEST-01106,34.28
TEST-01107,67.74
TEST-01108,3.91
TEST-01109,44.32
TEST-01110,21.91
TEST-01111,23.12
TEST-01112,56.31
TEST-01113,51.6
TEST-01114,48.08
TEST-01115,12.61
TEST-01116,5.19
TEST-01117,100.26
TEST-01118,17.67
TEST-01119,17.87
TEST-01120,20.32
TEST-01121,65.46
TEST-01122,52.61
TEST-01123,25.61
TEST-01124,8.2
TEST-01125,4.5
TEST-01126,17.25
TEST-01127,37.98
TEST-01128,22.23
TEST-01129,45.9
TEST-01130,13.14
TEST-01131,5.51
TEST-01132,64.27
TEST-01133,22.91
TEST-01134,21.63
TEST-01135,29.07
TEST-01136,3.84
TEST-01137,6.63
TEST-01138,69.08
TEST-01139,4.73
TEST-01140,23.57
TEST-01141,6.07
TEST-01142,97.69
TEST-01143,4.27
TEST-01144,4.46
TEST-01145,8.7
TEST-01146,85.67
TEST-01147,27.58
TEST-01148,27.41
TEST-01149,35.76
TEST-01150,12.25
TEST-01151,57.31
TEST-01152,9.57
TEST-01153,6.37
TEST-01154,33.8
TEST-01155,95.52
TEST-01156,36.31
TEST-01157,5.17
TEST-01158,22.1
TEST-01159,42.47
TEST-01160,40.93
TEST-01161,18.04
TEST-01162,55.03
TEST-01163,36.74
TEST-01164,42.4
TEST-01165,57.4
TEST-01166,80.59
TEST-01167,41.15
TEST-01168,19.9
TEST-01169,10.05
TEST-01170,58.4
TEST-01171,11.5
TEST-01172,11.89
TEST-01173,63.82
TEST-01174,45.58
TEST-01175,39.07
TEST-01176,4.18
TEST-01177,33.36
TEST-01178,11.38
TEST-01179,102.56
TEST-01180,4.59
TEST-01181,59.71
TEST-01182,82.54
TEST-01183,6.31
TEST-01184,15.42
TEST-01185,15.98
TEST-01186,22.08
TEST-01187,9.02
TEST-01188,14.25
TEST-01189,8.69
TEST-01190,4.25
TEST-01191,58.84
TEST-01192,56.28
TEST-01193,23.15
TEST-01194,62.67
TEST-01195,21.92
TEST-01196,26.44
TEST-01197,35.2
TEST-01198,46.13
TEST-01199,54.86
TEST-01200,11.68
TEST-01201,4.84
TEST-01202,4.56
TEST-01203,50.2
TEST-01204,94.9
TEST-01205,17.01
TEST-01206,53.86
TEST-01207,23.04
TEST-01208,5.22
TEST-01209,39.73
TEST-01210,9.12
TEST-01211,62.63
TEST-01212,44.48
TEST-01213,23.37
TEST-01214,4.77
TEST-01215,7.69
TEST-01216,58.16
TEST-01217,18.05
TEST-01218,68.99
TEST-01219,4.1
TEST-01220,10.69
TEST-01221,18.5
TEST-01222,5.26
TEST-01223,28.49
TEST-01224,4.29
TEST-01225,43.75
TEST-01226,49.79
TEST-01227,42.92
TEST-01228,48.34
TEST-01229,38.93
TEST-01230,48.2
TEST-01231,4.81
TEST-01232,31.87
TEST-01233,44.88
TEST-01234,61.05
TEST-01235,42.8
TEST-01236,74.33
TEST-01237,3.86
TEST-01238,46.39
TEST-01239,41.42
TEST-01240,5.87
TEST-01241,4.56
TEST-01242,107.89
TEST-01243,46.37
TEST-01244,44.45
TEST-01245,44.8
TEST-01246,4.44
TEST-01247,49.5
TEST-01248,29.54
TEST-01249,64.72
TEST-01250,35.58
TEST-01251,21.28
TEST-01252,6.48
TEST-01253,25.86
TEST-01254,42.63
TEST-01255,51.54
TEST-01256,4.77
TEST-01257,22.67
TEST-01258,58.18
TEST-01259,65.42
TEST-01260,12.24
TEST-01261,12.68
TEST-01262,24.91
TEST-01263,123.99
TEST-01264,91.82
TEST-01265,23.97
TEST-01266,30.63
TEST-01267,7.51
TEST-01268,6.06
TEST-01269,30.69
TEST-01270,6.68
TEST-01271,8.07
TEST-01272,65.67
TEST-01273,23.99
TEST-01274,3.49
TEST-01275,30.51
TEST-01276,7.75
TEST-01277,22.03
TEST-01278,20.77
TEST-01279,85.39
TEST-01280,11.01
TEST-01281,15.65
TEST-01282,34.23
TEST-01283,54.09
TEST-01284,4.6
TEST-01285,53.34
TEST-01286,5.59
TEST-01287,22.9
TEST-01288,29.57
TEST-01289,18.77
TEST-01290,77.01
TEST-01291,23.88
TEST-01292,12.63
TEST-01293,13.99
TEST-01294,41.37
TEST-01295,8.27
TEST-01296,46.39
TEST-01297,4.3
TEST-01298,25.18
TEST-01299,16.78
TEST-01300,53.38
TEST-01301,42.69
TEST-01302,34.84
TEST-01303,17.6
TEST-01304,24.55
TEST-01305,48.59
TEST-01306,20.97
TEST-01307,51.81
TEST-01308,19.64
TEST-01309,5.1
TEST-01310,88.51
TEST-01311,33.95
TEST-01312,9.42
TEST-01313,54.2
TEST-01314,9.37
TEST-01315,6.19
TEST-01316,9.81
TEST-01317,23.37
TEST-01318,26.92
TEST-01319,47.99
TEST-01320,28.97
TEST-01321,97.64
TEST-01322,4.4
TEST-01323,19.99
TEST-01324,20.77
TEST-01325,40.28
TEST-01326,16.11
TEST-01327,7.51
TEST-01328,5.34
TEST-01329,18.29
TEST-01330,7.3
TEST-01331,31.5
TEST-01332,7.69
TEST-01333,13.9
TEST-01334,35.45
TEST-01335,71.92
TEST-01336,31.0
TEST-01337,23.35
TEST-01338,20.81
TEST-01339,60.88
TEST-01340,19.48
TEST-01341,5.44
TEST-01342,5.98
TEST-01343,25.38
TEST-01344,75.4
TEST-01345,17.95
TEST-01346,20.73
TEST-01347,11.11
TEST-01348,3.97
TEST-01349,23.25
TEST-01350,17.31
TEST-01351,77.15
TEST-01352,8.55
TEST-01353,44.49
TEST-01354,22.32
TEST-01355,57.11
TEST-01356,11.36
TEST-01357,65.42
TEST-01358,39.4
TEST-01359,46.84
TEST-01360,102.34
TEST-01361,47.61
TEST-01362,18.17
TEST-01363,15.26
TEST-01364,22.88
TEST-01365,5.36
TEST-01366,4.93
TEST-01367,9.71
TEST-01368,40.24
TEST-01369,43.35
TEST-01370,22.57
TEST-01371,37.75
TEST-01372,95.63
TEST-01373,82.25
TEST-01374,59.29
TEST-01375,5.57
TEST-01376,49.51
TEST-01377,8.15
TEST-01378,19.4
TEST-01379,21.02
TEST-01380,33.69
TEST-01381,8.55
TEST-01382,42.94
TEST-01383,20.43
TEST-01384,23.7
TEST-01385,5.11
TEST-01386,62.77
TEST-01387,13.43
TEST-01388,45.88
TEST-01389,31.71
TEST-01390,28.6
TEST-01391,22.93
TEST-01392,6.06
TEST-01393,22.24
TEST-01394,47.46
TEST-01395,31.97
TEST-01396,24.68
TEST-01397,39.57
TEST-01398,25.84
TEST-01399,71.91
TEST-01400,48.42
TEST-01401,48.19
TEST-01402,20.38
TEST-01403,44.42
TEST-01404,44.77
TEST-01405,17.0
TEST-01406,26.99
TEST-01407,49.05
TEST-01408,24.1
TEST-01409,33.44
TEST-01410,95.91
TEST-01411,46.3
TEST-01412,65.61
TEST-01413,149.34
TEST-01414,53.42
TEST-01415,44.02
TEST-01416,8.99
TEST-01417,5.51
TEST-01418,40.63
TEST-01419,62.32
TEST-01420,39.6
TEST-01421,45.48
TEST-01422,5.83
TEST-01423,15.88
TEST-01424,62.24
TEST-01425,46.3
TEST-01426,14.95
TEST-01427,46.87
TEST-01428,4.49
TEST-01429,5.25
TEST-01430,8.18
TEST-01431,4.28
TEST-01432,5.74
TEST-01433,37.77
TEST-01434,51.28
TEST-01435,46.04
TEST-01436,54.17
TEST-01437,60.38
TEST-01438,41.09
TEST-01439,5.94
TEST-01440,34.84
TEST-01441,22.83
TEST-01442,48.65
TEST-01443,64.17
TEST-01444,12.19
TEST-01445,35.45
TEST-01446,91.43
TEST-01447,56.55
TEST-01448,38.06
TEST-01449,58.72
TEST-01450,4.61
TEST-01451,31.03
TEST-01452,10.53
TEST-01453,48.8
TEST-01454,32.89
TEST-01455,20.95
TEST-01456,8.9
TEST-01457,48.15
TEST-01458,7.15
TEST-01459,3.96
TEST-01460,108.26
TEST-01461,6.21
TEST-01462,5.96
TEST-01463,58.01
TEST-01464,24.6
TEST-01465,11.52
TEST-01466,9.8
TEST-01467,43.56
TEST-01468,4.59
TEST-01469,3.86
TEST-01470,62.41
TEST-01471,19.65
TEST-01472,28.43
TEST-01473,12.51
TEST-01474,23.58
TEST-01475,32.96
TEST-01476,6.72
TEST-01477,18.21
TEST-01478,9.29
TEST-01479,37.05
TEST-01480,26.69
TEST-01481,87.3
TEST-01482,12.94
TEST-01483,23.62
TEST-01484,4.44
TEST-01485,9.01
TEST-01486,2.92
TEST-01487,20.96
TEST-01488,102.15
TEST-01489,8.09
TEST-01490,11.93
TEST-01491,5.78
TEST-01492,44.08
TEST-01493,3.03
TEST-01494,26.66
TEST-01495,34.45
TEST-01496,21.83
TEST-01497,50.7
TEST-01498,47.1
TEST-01499,56.24
TEST-01500,27.86
TEST-01501,47.5
TEST-01502,11.67
TEST-01503,34.0
TEST-01504,27.94
TEST-01505,58.99
TEST-01506,4.72
TEST-01507,18.37
TEST-01508,8.87
TEST-01509,25.03
TEST-01510,30.48
TEST-01511,21.04
TEST-01512,54.32
TEST-01513,26.98
TEST-01514,35.17
TEST-01515,60.96
TEST-01516,19.46
TEST-01517,23.82
TEST-01518,87.2
TEST-01519,17.03
TEST-01520,38.85
TEST-01521,39.48
TEST-01522,27.54
TEST-01523,45.37
TEST-01524,28.38
TEST-01525,10.08
TEST-01526,36.66
TEST-01527,38.16
TEST-01528,17.75
TEST-01529,44.98
TEST-01530,7.1
TEST-01531,82.42
TEST-01532,4.96
TEST-01533,6.18
TEST-01534,7.01
TEST-01535,46.7
TEST-01536,8.96
TEST-01537,5.56
TEST-01538,7.91
TEST-01539,15.71
TEST-01540,4.52
TEST-01541,41.82
TEST-01542,5.44
TEST-01543,50.28
TEST-01544,34.55
TEST-01545,3.96
TEST-01546,23.28
TEST-01547,30.3
TEST-01548,42.15
TEST-01549,5.94
TEST-01550,24.31
TEST-01551,50.2
TEST-01552,19.28
TEST-01553,49.08
TEST-01554,8.4
TEST-01555,36.99
TEST-01556,44.52
TEST-01557,52.61
TEST-01558,8.74
TEST-01559,23.19
TEST-01560,17.03
TEST-01561,5.09
TEST-01562,51.67
TEST-01563,4.78
TEST-01564,5.19
TEST-01565,38.47
TEST-01566,7.38
TEST-01567,76.76
TEST-01568,37.0
TEST-01569,38.05
TEST-01570,11.91
TEST-01571,107.79
TEST-01572,3.97
TEST-01573,11.46
TEST-01574,3.62
TEST-01575,25.26
TEST-01576,57.52
TEST-01577,24.28
TEST-01578,6.05
TEST-01579,37.31
TEST-01580,16.9
TEST-01581,15.87
TEST-01582,46.63
TEST-01583,49.87
TEST-01584,17.65
TEST-01585,18.23
TEST-01586,27.39
TEST-01587,16.66
TEST-01588,39.84
TEST-01589,20.55
TEST-01590,40.35
TEST-01591,39.89
TEST-01592,56.3
TEST-01593,36.28
TEST-01594,60.73
TEST-01595,48.66
TEST-01596,5.95
TEST-01597,22.81
TEST-01598,4.33
TEST-01599,36.91
TEST-01600,21.87
TEST-01601,32.47
TEST-01602,5.35
TEST-01603,64.4
TEST-01604,45.98
TEST-01605,5.19
TEST-01606,3.04
TEST-01607,16.55
TEST-01608,72.35
TEST-01609,42.61
TEST-01610,42.52
TEST-01611,6.29
TEST-01612,9.19
TEST-01613,49.72
TEST-01614,42.88
TEST-01615,3.8
TEST-01616,95.15
TEST-01617,24.82
TEST-01618,21.07
TEST-01619,36.41
TEST-01620,45.37
TEST-01621,16.73
TEST-01622,48.15
TEST-01623,7.75
TEST-01624,68.86
TEST-01625,9.63
TEST-01626,5.9
TEST-01627,54.33
TEST-01628,11.72
TEST-01629,21.9
TEST-01630,45.91
TEST-01631,38.23
TEST-01632,32.74
TEST-01633,22.64
TEST-01634,27.84
TEST-01635,38.38
TEST-01636,64.39
TEST-01637,48.6
TEST-01638,3.72
TEST-01639,23.86
TEST-01640,10.75
TEST-01641,37.51
TEST-01642,46.56
TEST-01643,5.08
TEST-01644,19.7
TEST-01645,49.57
TEST-01646,7.93
TEST-01647,38.69
TEST-01648,15.21
TEST-01649,4.86
TEST-01650,22.96
TEST-01651,19.49
TEST-01652,7.6
TEST-01653,5.25
TEST-01654,53.18
TEST-01655,5.66
TEST-01656,42.67
TEST-01657,10.03
TEST-01658,41.21
TEST-01659,9.47
TEST-01660,62.64
TEST-01661,16.68
TEST-01662,11.91
TEST-01663,63.24
TEST-01664,41.08
TEST-01665,5.48
TEST-01666,7.53
TEST-01667,36.16
TEST-01668,7.6
TEST-01669,7.63
TEST-01670,33.18
TEST-01671,29.36
TEST-01672,12.99
TEST-01673,34.35
TEST-01674,10.27
TEST-01675,52.66
TEST-01676,136.08
TEST-01677,7.37
TEST-01678,29.55
TEST-01679,36.05
TEST-01680,9.92
TEST-01681,42.86
TEST-01682,46.74
TEST-01683,4.73
TEST-01684,19.78
TEST-01685,60.11
TEST-01686,15.65
TEST-01687,3.43
TEST-01688,32.82
TEST-01689,48.25
TEST-01690,28.9
TEST-01691,21.1
TEST-01692,41.12
TEST-01693,7.68
TEST-01694,72.04
TEST-01695,3.96
TEST-01696,15.47
TEST-01697,20.89
TEST-01698,9.54
TEST-01699,16.07
TEST-01700,56.37
TEST-01701,28.88
TEST-01702,55.86
TEST-01703,37.65
TEST-01704,22.75
TEST-01705,5.49
TEST-01706,15.39
TEST-01707,53.07
TEST-01708,10.85
TEST-01709,21.95
TEST-01710,29.96
TEST-01711,22.75
TEST-01712,8.09
TEST-01713,5.65
TEST-01714,48.0
TEST-01715,45.14
TEST-01716,8.07
TEST-01717,7.55
TEST-01718,21.38
TEST-01719,96.14
TEST-01720,28.76
TEST-01721,20.16
TEST-01722,8.87
TEST-01723,10.65
TEST-01724,67.22
TEST-01725,10.42
TEST-01726,7.28
TEST-01727,5.59
TEST-01728,9.15
TEST-01729,73.34
TEST-01730,13.0
TEST-01731,36.92
TEST-01732,28.75
TEST-01733,39.38
TEST-01734,7.82
TEST-01735,66.18
TEST-01736,44.8
TEST-01737,12.12
TEST-01738,30.9
TEST-01739,3.6
TEST-01740,40.75
TEST-01741,20.02
TEST-01742,4.52
TEST-01743,62.6
TEST-01744,12.07
TEST-01745,8.24
TEST-01746,52.33
TEST-01747,19.82
TEST-01748,4.64
TEST-01749,80.46
TEST-01750,5.93
TEST-01751,8.98
TEST-01752,22.23
TEST-01753,18.71
TEST-01754,46.37
TEST-01755,10.12
TEST-01756,15.91
TEST-01757,57.67
TEST-01758,5.4
TEST-01759,66.75
TEST-01760,4.07
TEST-01761,37.61
TEST-01762,93.25
TEST-01763,23.12
TEST-01764,33.92
TEST-01765,54.58
TEST-01766,18.57
TEST-01767,59.88
TEST-01768,28.49
TEST-01769,46.19
TEST-01770,26.22
TEST-01771,3.53
TEST-01772,36.09
TEST-01773,45.99
TEST-01774,63.07
TEST-01775,53.73
TEST-01776,15.26
TEST-01777,47.03
TEST-01778,73.82
TEST-01779,15.22
TEST-01780,51.78
TEST-01781,31.01
TEST-01782,54.36
TEST-01783,37.75
TEST-01784,51.8
TEST-01785,7.27
TEST-01786,9.37
TEST-01787,64.7
TEST-01788,15.71
TEST-01789,7.97
TEST-01790,53.94
TEST-01791,22.11
TEST-01792,11.09
TEST-01793,21.14
TEST-01794,73.04
TEST-01795,5.34
TEST-01796,11.31
TEST-01797,5.17
TEST-01798,42.76
TEST-01799,56.99
TEST-01800,7.88
TEST-01801,26.23
TEST-01802,14.65
TEST-01803,78.76
TEST-01804,22.35
TEST-01805,25.77
TEST-01806,10.14
TEST-01807,23.13
TEST-01808,20.04
TEST-01809,12.6
TEST-01810,15.85
TEST-01811,22.42
TEST-01812,94.29
TEST-01813,26.21
TEST-01814,5.29
TEST-01815,21.74
TEST-01816,28.67
TEST-01817,43.75
TEST-01818,29.65
TEST-01819,52.14
TEST-01820,54.25
TEST-01821,40.39
TEST-01822,8.38
TEST-01823,46.3
TEST-01824,63.49
TEST-01825,45.83
TEST-01826,69.44
TEST-01827,41.26
TEST-01828,56.1
TEST-01829,49.49
TEST-01830,24.2
TEST-01831,52.43
TEST-01832,54.84
TEST-01833,47.88
TEST-01834,7.81
TEST-01835,59.78
TEST-01836,43.04
TEST-01837,39.31
TEST-01838,46.47
TEST-01839,22.93
TEST-01840,37.07
TEST-01841,44.86
TEST-01842,45.1
TEST-01843,43.78
TEST-01844,25.81
TEST-01845,107.81
TEST-01846,52.85
TEST-01847,7.98
TEST-01848,107.79
TEST-01849,49.18
TEST-01850,5.77
TEST-01851,14.76
TEST-01852,97.27
TEST-01853,3.43
TEST-01854,20.6
TEST-01855,29.12
TEST-01856,6.61
TEST-01857,25.23
TEST-01858,79.83
TEST-01859,6.17
TEST-01860,4.54
TEST-01861,37.22
TEST-01862,40.94
TEST-01863,15.03
TEST-01864,37.0
TEST-01865,5.06
TEST-01866,18.36
TEST-01867,19.66
TEST-01868,19.26
TEST-01869,16.38
TEST-01870,6.86
TEST-01871,60.33
TEST-01872,6.13
TEST-01873,13.27
TEST-01874,27.58
TEST-01875,98.44
TEST-01876,58.52
TEST-01877,20.67
TEST-01878,11.68
TEST-01879,34.37
TEST-01880,18.56
TEST-01881,14.37
TEST-01882,5.14
TEST-01883,50.64
TEST-01884,17.81
TEST-01885,82.73
TEST-01886,49.26
TEST-01887,17.96
TEST-01888,51.25
TEST-01889,54.28
TEST-01890,45.9
TEST-01891,33.35
TEST-01892,85.64
TEST-01893,11.63
TEST-01894,40.47
TEST-01895,22.37
TEST-01896,3.67
TEST-01897,38.03
TEST-01898,20.93
TEST-01899,35.34
TEST-01900,5.62
TEST-01901,18.98
TEST-01902,113.91
TEST-01903,3.94
TEST-01904,8.82
TEST-01905,45.29
TEST-01906,23.75
TEST-01907,15.88
TEST-01908,87.93
TEST-01909,46.99
TEST-01910,89.26
TEST-01911,9.29
TEST-01912,39.5
TEST-01913,10.55
TEST-01914,21.35
TEST-01915,105.03
TEST-01916,49.52
TEST-01917,35.14
TEST-01918,21.59
TEST-01919,48.49
TEST-01920,58.76
TEST-01921,45.09
TEST-01922,9.51
TEST-01923,33.82
TEST-01924,60.84
TEST-01925,38.45
TEST-01926,4.6
TEST-01927,60.5
TEST-01928,6.58
TEST-01929,7.78
TEST-01930,30.31
TEST-01931,4.05
TEST-01932,76.55
TEST-01933,22.77
TEST-01934,66.0
TEST-01935,52.45
TEST-01936,105.13
TEST-01937,59.72
TEST-01938,9.52
TEST-01939,53.61
TEST-01940,19.41
TEST-01941,30.44
TEST-01942,35.34
TEST-01943,46.85
TEST-01944,59.66
TEST-01945,23.18
TEST-01946,88.83
TEST-01947,88.97
TEST-01948,56.46
TEST-01949,85.94
TEST-01950,37.47
TEST-01951,16.71
TEST-01952,44.68
TEST-01953,87.33
TEST-01954,3.58
TEST-01955,46.77
TEST-01956,105.18
TEST-01957,20.72
TEST-01958,47.69
TEST-01959,47.9
TEST-01960,21.21
TEST-01961,20.62
TEST-01962,78.73
TEST-01963,21.7
TEST-01964,19.67
TEST-01965,6.19
TEST-01966,17.36
TEST-01967,57.37
TEST-01968,47.39
TEST-01969,60.65
TEST-01970,3.45
TEST-01971,14.8
TEST-01972,4.45
TEST-01973,41.29
TEST-01974,45.46
TEST-01975,16.62
TEST-01976,24.69
TEST-01977,45.39
TEST-01978,37.82
TEST-01979,23.95
TEST-01980,77.79
TEST-01981,4.5
TEST-01982,43.57
TEST-01983,47.11
TEST-01984,49.05
TEST-01985,75.37
TEST-01986,49.16
TEST-01987,21.36
TEST-01988,6.48
TEST-01989,45.04
TEST-01990,4.11
TEST-01991,61.86
TEST-01992,33.22
TEST-01993,12.4
TEST-01994,26.38
TEST-01995,17.33
TEST-01996,12.41
TEST-01997,44.76
TEST-01998,49.16
TEST-01999,21.27
TEST-02000,65.55
TEST-02001,46.83
TEST-02002,3.84
TEST-02003,48.18
TEST-02004,7.62
TEST-02005,59.49
TEST-02006,89.72
TEST-02007,65.16
TEST-02008,4.9
TEST-02009,30.14
TEST-02010,53.23
TEST-02011,13.08
TEST-02012,30.03
TEST-02013,7.21
TEST-02014,54.56
TEST-02015,5.15
TEST-02016,41.82
TEST-02017,28.28
TEST-02018,108.53
TEST-02019,4.04
TEST-02020,28.44
TEST-02021,22.8
TEST-02022,18.87
TEST-02023,5.07
TEST-02024,15.68
TEST-02025,87.3
TEST-02026,17.21
TEST-02027,21.76
TEST-02028,3.45
TEST-02029,3.73
TEST-02030,4.46
TEST-02031,7.75
TEST-02032,11.13
TEST-02033,43.23
TEST-02034,85.7
TEST-02035,32.83
TEST-02036,35.0
TEST-02037,19.6
TEST-02038,43.62
TEST-02039,38.51
TEST-02040,40.7
TEST-02041,19.43
TEST-02042,95.18
TEST-02043,5.77
TEST-02044,7.04
TEST-02045,54.66
TEST-02046,51.04
TEST-02047,7.63
TEST-02048,5.77
TEST-02049,58.88
TEST-02050,25.39
TEST-02051,42.78
TEST-02052,77.45
TEST-02053,22.02
TEST-02054,65.63
TEST-02055,25.25
TEST-02056,10.87
TEST-02057,6.71
TEST-02058,6.17
TEST-02059,32.77
TEST-02060,37.16
TEST-02061,65.55
TEST-02062,16.14
TEST-02063,5.2
TEST-02064,6.93
TEST-02065,47.04
TEST-02066,18.93
TEST-02067,35.28
TEST-02068,9.43
TEST-02069,44.93
TEST-02070,6.09
TEST-02071,82.78
TEST-02072,16.23
TEST-02073,9.65
TEST-02074,87.97
TEST-02075,16.73
TEST-02076,15.27
TEST-02077,50.06
TEST-02078,34.25
TEST-02079,92.91
TEST-02080,5.22
TEST-02081,53.49
TEST-02082,51.81
TEST-02083,47.65
TEST-02084,45.13
TEST-02085,37.07
TEST-02086,18.88
TEST-02087,58.3
TEST-02088,47.14
TEST-02089,15.92
TEST-02090,29.27
TEST-02091,40.01
TEST-02092,42.53
TEST-02093,29.68
TEST-02094,35.31
TEST-02095,23.14
TEST-02096,61.36
TEST-02097,85.37
TEST-02098,48.13
TEST-02099,20.32
TEST-02100,3.74
TEST-02101,23.08
TEST-02102,6.88
TEST-02103,14.87
TEST-02104,10.07
TEST-02105,21.74
TEST-02106,40.13
TEST-02107,44.38
TEST-02108,3.71
TEST-02109,63.99
TEST-02110,11.09
TEST-02111,19.2
TEST-02112,42.63
TEST-02113,55.97
TEST-02114,32.56
TEST-02115,22.61
TEST-02116,17.19
TEST-02117,22.84
TEST-02118,43.88
TEST-02119,10.46
TEST-02120,24.29
TEST-02121,23.34
TEST-02122,82.41
TEST-02123,42.78
TEST-02124,53.96
TEST-02125,5.71
TEST-02126,4.33
TEST-02127,31.79
TEST-02128,15.55
TEST-02129,10.52
TEST-02130,17.23
TEST-02131,137.27
TEST-02132,101.36
TEST-02133,22.28
TEST-02134,96.81
TEST-02135,49.26
TEST-02136,59.5
TEST-02137,35.1
TEST-02138,7.98
TEST-02139,6.66
TEST-02140,5.63
TEST-02141,12.08
TEST-02142,60.52
TEST-02143,23.26
TEST-02144,7.93
TEST-02145,27.13
TEST-02146,54.79
TEST-02147,25.6
TEST-02148,16.28
TEST-02149,22.59
TEST-02150,25.09
TEST-02151,20.12
TEST-02152,9.04
TEST-02153,7.21
TEST-02154,49.35
TEST-02155,56.26
TEST-02156,34.13
TEST-02157,31.06
TEST-02158,39.56
TEST-02159,58.53
TEST-02160,21.99
TEST-02161,12.86
TEST-02162,58.19
TEST-02163,25.91
TEST-02164,29.07
TEST-02165,61.18
TEST-02166,5.28
TEST-02167,80.42
TEST-02168,30.86
TEST-02169,3.82
TEST-02170,65.11
TEST-02171,16.53
TEST-02172,28.89
TEST-02173,23.78
TEST-02174,31.76
TEST-02175,22.9
TEST-02176,55.71
TEST-02177,51.94
TEST-02178,3.97
TEST-02179,60.33
TEST-02180,67.7
TEST-02181,5.88
TEST-02182,17.19
TEST-02183,57.15
TEST-02184,20.16
TEST-02185,22.86
TEST-02186,38.27
TEST-02187,33.29
TEST-02188,57.76
TEST-02189,8.15
TEST-02190,25.4
TEST-02191,17.64
TEST-02192,41.32
TEST-02193,45.8
TEST-02194,15.79
TEST-02195,9.54
TEST-02196,4.27
TEST-02197,60.35
TEST-02198,14.86
TEST-02199,29.57
TEST-02200,5.65
TEST-02201,4.1
TEST-02202,7.66
TEST-02203,23.61
TEST-02204,16.18
TEST-02205,20.2
TEST-02206,4.91
TEST-02207,21.24
TEST-02208,34.3
TEST-02209,16.74
TEST-02210,7.41
TEST-02211,47.26
TEST-02212,10.9
TEST-02213,49.75
TEST-02214,13.35
TEST-02215,6.22
TEST-02216,18.2
TEST-02217,15.69
TEST-02218,39.5
TEST-02219,40.25
TEST-02220,18.79
TEST-02221,6.45
TEST-02222,44.29
TEST-02223,21.52
TEST-02224,96.86
TEST-02225,53.09
TEST-02226,46.96
TEST-02227,84.89
TEST-02228,9.39
TEST-02229,32.13
TEST-02230,6.0
TEST-02231,40.35
TEST-02232,45.39
TEST-02233,92.2
TEST-02234,46.3
TEST-02235,5.8
TEST-02236,27.18
TEST-02237,47.3
TEST-02238,33.58
TEST-02239,37.41
TEST-02240,68.25
TEST-02241,5.34
TEST-02242,23.34
TEST-02243,68.04
TEST-02244,5.15
TEST-02245,37.75
TEST-02246,20.92
TEST-02247,79.27
TEST-02248,31.62
TEST-02249,8.95
TEST-02250,67.33
TEST-02251,19.49
TEST-02252,22.4
TEST-02253,8.09
TEST-02254,49.16
TEST-02255,7.24
TEST-02256,4.78
TEST-02257,28.24
TEST-02258,44.4
TEST-02259,35.78
TEST-02260,75.52
TEST-02261,42.96
TEST-02262,5.68
TEST-02263,51.26
TEST-02264,3.45
TEST-02265,8.33
TEST-02266,3.33
TEST-02267,21.19
TEST-02268,36.22
TEST-02269,8.76
TEST-02270,7.07
TEST-02271,57.55
TEST-02272,3.64
TEST-02273,24.51
TEST-02274,48.82
TEST-02275,55.67
TEST-02276,23.53
TEST-02277,10.08
TEST-02278,35.91
TEST-02279,35.08
TEST-02280,7.62
TEST-02281,5.67
TEST-02282,54.86
TEST-02283,52.75
TEST-02284,3.96
TEST-02285,50.57
TEST-02286,8.5
TEST-02287,17.17
TEST-02288,15.63
TEST-02289,31.49
TEST-02290,15.64
TEST-02291,109.67
TEST-02292,34.81
TEST-02293,21.11
TEST-02294,9.6
TEST-02295,59.25
TEST-02296,47.42
TEST-02297,16.17
TEST-02298,23.4
TEST-02299,52.06
TEST-02300,6.07
TEST-02301,10.95
TEST-02302,22.37
TEST-02303,79.7
TEST-02304,28.48
TEST-02305,47.58
TEST-02306,64.52
TEST-02307,39.75
TEST-02308,19.02
TEST-02309,36.96
TEST-02310,54.55
TEST-02311,5.81
TEST-02312,5.24
TEST-02313,12.97
TEST-02314,69.27
TEST-02315,28.58
TEST-02316,43.35
TEST-02317,17.88
TEST-02318,36.92
TEST-02319,84.36
TEST-02320,4.3
TEST-02321,28.64
TEST-02322,66.08
TEST-02323,45.08
TEST-02324,48.27
TEST-02325,52.22
TEST-02326,52.57
TEST-02327,97.1
TEST-02328,28.22
TEST-02329,34.84
TEST-02330,22.8
TEST-02331,16.96
TEST-02332,23.67
TEST-02333,15.52
TEST-02334,6.16
TEST-02335,4.8
TEST-02336,41.88
TEST-02337,52.66
TEST-02338,6.91
TEST-02339,12.53
TEST-02340,5.15
TEST-02341,3.36
TEST-02342,35.95
TEST-02343,48.16
TEST-02344,28.66
TEST-02345,22.39
TEST-02346,86.84
TEST-02347,41.92
TEST-02348,20.75
TEST-02349,28.34
TEST-02350,5.05
TEST-02351,21.11
TEST-02352,5.85
TEST-02353,15.75
TEST-02354,46.22
TEST-02355,38.85
TEST-02356,4.88
TEST-02357,66.65
TEST-02358,75.94
TEST-02359,5.21
TEST-02360,27.08
TEST-02361,20.97
TEST-02362,15.89
TEST-02363,41.96
TEST-02364,83.76
TEST-02365,43.86
TEST-02366,68.33
TEST-02367,31.05
TEST-02368,17.13
TEST-02369,48.76
TEST-02370,28.3
TEST-02371,44.59
TEST-02372,33.54
TEST-02373,4.16
TEST-02374,78.29
TEST-02375,24.22
TEST-02376,51.49
TEST-02377,23.29
TEST-02378,59.28
TEST-02379,52.81
TEST-02380,105.63
TEST-02381,41.12
TEST-02382,21.69
TEST-02383,19.18
TEST-02384,18.06
TEST-02385,42.77
TEST-02386,34.37
TEST-02387,41.77
TEST-02388,69.69
TEST-02389,9.47
TEST-02390,43.38
TEST-02391,60.22
TEST-02392,44.32
TEST-02393,8.4
TEST-02394,4.63
TEST-02395,35.35
TEST-02396,9.79
TEST-02397,33.86
TEST-02398,25.13
TEST-02399,38.14
TEST-02400,8.35
TEST-02401,60.26
TEST-02402,74.32
TEST-02403,34.43
TEST-02404,79.11
TEST-02405,45.31
TEST-02406,60.58
TEST-02407,5.33
TEST-02408,88.2
TEST-02409,50.47
TEST-02410,51.02
TEST-02411,23.29
TEST-02412,35.42
TEST-02413,22.2
TEST-02414,20.53
TEST-02415,27.85
TEST-02416,5.99
TEST-02417,26.48
TEST-02418,6.23
TEST-02419,54.74
TEST-02420,42.15
TEST-02421,25.62
TEST-02422,19.52
TEST-02423,6.33
TEST-02424,68.14
TEST-02425,41.05
TEST-02426,8.42
TEST-02427,47.07
TEST-02428,42.83
TEST-02429,80.58
TEST-02430,81.33
TEST-02431,4.33
TEST-02432,52.32
TEST-02433,68.26
TEST-02434,18.78
TEST-02435,19.97
TEST-02436,3.91
TEST-02437,3.29
TEST-02438,4.2
TEST-02439,24.86
TEST-02440,11.83
TEST-02441,66.16
TEST-02442,5.12
TEST-02443,14.6
TEST-02444,18.21
TEST-02445,5.96
TEST-02446,26.45
TEST-02447,23.37
TEST-02448,43.96
TEST-02449,44.9
TEST-02450,27.31
TEST-02451,20.48
TEST-02452,46.91
TEST-02453,12.46
TEST-02454,29.58
TEST-02455,94.32
TEST-02456,15.68
TEST-02457,42.31
TEST-02458,5.36
TEST-02459,45.38
TEST-02460,100.26
TEST-02461,46.98
TEST-02462,13.39
TEST-02463,6.9
TEST-02464,54.72
TEST-02465,4.05
TEST-02466,12.03
TEST-02467,45.01
TEST-02468,19.51
TEST-02469,5.87
TEST-02470,48.09
TEST-02471,4.17
TEST-02472,34.54
TEST-02473,20.83
TEST-02474,17.04
TEST-02475,16.02
TEST-02476,68.8
TEST-02477,35.27
TEST-02478,69.87
TEST-02479,43.72
TEST-02480,20.59
TEST-02481,52.32
TEST-02482,5.46
TEST-02483,7.08
TEST-02484,62.97
TEST-02485,48.71
TEST-02486,20.32
TEST-02487,45.65
TEST-02488,59.65
TEST-02489,115.28
TEST-02490,56.6
TEST-02491,45.37
TEST-02492,16.7
TEST-02493,11.71
TEST-02494,3.99
TEST-02495,40.84
TEST-02496,9.13
TEST-02497,77.58
TEST-02498,53.86
TEST-02499,42.17
TEST-02500,40.42
TEST-02501,27.72
TEST-02502,61.54
TEST-02503,34.53
TEST-02504,41.01
TEST-02505,31.04
TEST-02506,58.6
TEST-02507,29.99
TEST-02508,53.1
TEST-02509,18.63
TEST-02510,80.1
TEST-02511,35.93
TEST-02512,41.04
TEST-02513,111.59
TEST-02514,52.16
TEST-02515,119.34
TEST-02516,24.95
TEST-02517,17.09
TEST-02518,12.02
TEST-02519,44.97
TEST-02520,28.48
TEST-02521,12.04
TEST-02522,25.16
TEST-02523,45.56
TEST-02524,4.9
TEST-02525,22.72
TEST-02526,6.37
TEST-02527,4.74
TEST-02528,5.93
TEST-02529,19.69
TEST-02530,8.68
TEST-02531,25.78
TEST-02532,90.34
TEST-02533,4.57
TEST-02534,12.56
TEST-02535,45.02
TEST-02536,41.31
TEST-02537,39.96
TEST-02538,11.73
TEST-02539,36.08
TEST-02540,34.3
TEST-02541,17.09
TEST-02542,20.33
TEST-02543,5.61
TEST-02544,11.53
TEST-02545,37.43
TEST-02546,5.58
TEST-02547,4.41
TEST-02548,48.28
TEST-02549,62.87
TEST-02550,19.05
TEST-02551,11.89
TEST-02552,40.11
TEST-02553,6.14
TEST-02554,124.71
TEST-02555,26.74
TEST-02556,35.45
TEST-02557,6.11
TEST-02558,20.48
TEST-02559,16.33
TEST-02560,9.06
TEST-02561,50.92
TEST-02562,35.68
TEST-02563,42.6
TEST-02564,3.76
TEST-02565,34.92
TEST-02566,21.72
TEST-02567,21.28
TEST-02568,44.19
TEST-02569,15.51
TEST-02570,19.72
TEST-02571,5.21
TEST-02572,41.5
TEST-02573,7.02
TEST-02574,3.99
TEST-02575,20.18
TEST-02576,11.43
TEST-02577,27.57
TEST-02578,48.96
TEST-02579,4.81
TEST-02580,23.02
TEST-02581,59.55
TEST-02582,27.83
TEST-02583,6.19
TEST-02584,78.97
TEST-02585,31.98
TEST-02586,5.81
TEST-02587,10.04
TEST-02588,33.62
TEST-02589,21.05
TEST-02590,19.95
TEST-02591,18.81
TEST-02592,10.91
TEST-02593,15.64
TEST-02594,7.66
TEST-02595,21.6
TEST-02596,40.37
TEST-02597,56.79
TEST-02598,32.22
TEST-02599,6.18
TEST-02600,20.64
TEST-02601,27.38
TEST-02602,22.88
TEST-02603,43.2
TEST-02604,35.1
TEST-02605,7.59
TEST-02606,49.3
TEST-02607,11.62
TEST-02608,5.71
TEST-02609,5.81
TEST-02610,10.78
TEST-02611,24.62
TEST-02612,64.09
TEST-02613,5.66
TEST-02614,21.83
TEST-02615,60.29
TEST-02616,47.43
TEST-02617,47.74
TEST-02618,60.04
TEST-02619,45.03
TEST-02620,8.96
TEST-02621,22.66
TEST-02622,24.36
TEST-02623,38.42
TEST-02624,20.96
TEST-02625,51.15
TEST-02626,34.99
TEST-02627,22.46
TEST-02628,9.68
TEST-02629,47.62
TEST-02630,6.87
TEST-02631,62.66
TEST-02632,24.54
TEST-02633,7.01
TEST-02634,48.39
TEST-02635,14.9
TEST-02636,20.03
TEST-02637,3.71
TEST-02638,7.25
TEST-02639,78.09
TEST-02640,29.7
TEST-02641,28.29
TEST-02642,44.59
TEST-02643,26.16
TEST-02644,80.75
TEST-02645,24.61
TEST-02646,16.05
TEST-02647,36.42
TEST-02648,49.69
TEST-02649,2.96
TEST-02650,9.35
TEST-02651,5.81
TEST-02652,6.28
TEST-02653,16.81
TEST-02654,5.99
TEST-02655,45.07
TEST-02656,27.36
TEST-02657,2.96
TEST-02658,5.02
TEST-02659,77.22
TEST-02660,48.8
TEST-02661,6.39
TEST-02662,5.63
TEST-02663,41.22
TEST-02664,12.52
TEST-02665,15.98
TEST-02666,5.03
TEST-02667,42.4
TEST-02668,22.1
TEST-02669,2.7
TEST-02670,16.03
TEST-02671,13.09
TEST-02672,4.38
TEST-02673,27.17
TEST-02674,16.01
TEST-02675,27.5
TEST-02676,73.35
TEST-02677,6.19
TEST-02678,24.71
TEST-02679,17.14
TEST-02680,19.18
TEST-02681,11.16
TEST-02682,37.44
TEST-02683,62.81
TEST-02684,22.25
TEST-02685,64.78
TEST-02686,6.38
TEST-02687,26.61
TEST-02688,61.27
TEST-02689,25.53
TEST-02690,7.34
TEST-02691,12.7
TEST-02692,22.59
TEST-02693,27.47
TEST-02694,8.54
TEST-02695,19.42
TEST-02696,11.73
TEST-02697,59.97
TEST-02698,89.27
TEST-02699,7.38
TEST-02700,43.14
TEST-02701,17.02
TEST-02702,31.47
TEST-02703,33.52
TEST-02704,24.97
TEST-02705,43.38
TEST-02706,15.9
TEST-02707,12.21
TEST-02708,60.13
TEST-02709,38.77
TEST-02710,57.44
TEST-02711,50.11
TEST-02712,22.83
TEST-02713,41.47
TEST-02714,20.92
TEST-02715,43.85
TEST-02716,4.55
TEST-02717,6.92
TEST-02718,4.67
TEST-02719,59.67
TEST-02720,24.03
TEST-02721,47.59
TEST-02722,39.19
TEST-02723,42.8
TEST-02724,36.82
TEST-02725,6.54
TEST-02726,23.27
TEST-02727,16.75
TEST-02728,15.36
TEST-02729,35.56
TEST-02730,14.82
TEST-02731,4.93
TEST-02732,56.91
TEST-02733,6.12
TEST-02734,6.07
TEST-02735,6.46
TEST-02736,33.41
TEST-02737,5.19
TEST-02738,8.68
TEST-02739,57.49
TEST-02740,88.48
TEST-02741,53.26
TEST-02742,83.92
TEST-02743,67.23
TEST-02744,48.61
TEST-02745,7.8
TEST-02746,37.26
TEST-02747,9.07
TEST-02748,18.67
TEST-02749,48.54
TEST-02750,63.16
TEST-02751,4.32
TEST-02752,40.78
TEST-02753,4.93
TEST-02754,74.21
TEST-02755,19.81
TEST-02756,74.75
TEST-02757,24.15
TEST-02758,88.94
TEST-02759,13.11
TEST-02760,23.88
TEST-02761,12.97
TEST-02762,26.78
TEST-02763,55.08
TEST-02764,45.44
TEST-02765,63.33
TEST-02766,16.75
TEST-02767,21.14
TEST-02768,59.21
TEST-02769,26.17
TEST-02770,31.9
TEST-02771,84.02
TEST-02772,4.37
TEST-02773,89.12
TEST-02774,49.39
TEST-02775,67.5
TEST-02776,2.64
TEST-02777,69.85
TEST-02778,27.4
TEST-02779,34.38
TEST-02780,39.32
TEST-02781,15.17
TEST-02782,16.51
TEST-02783,9.33
TEST-02784,110.39
TEST-02785,106.2
TEST-02786,9.97
TEST-02787,5.67
TEST-02788,9.42
TEST-02789,18.31
TEST-02790,26.26
TEST-02791,10.29
TEST-02792,5.37
TEST-02793,4.64
TEST-02794,33.97
TEST-02795,19.67
TEST-02796,41.69
TEST-02797,38.91
TEST-02798,109.74
TEST-02799,51.95
TEST-02800,9.94
TEST-02801,49.4
TEST-02802,4.6
TEST-02803,46.26
TEST-02804,11.26
TEST-02805,83.62
TEST-02806,36.07
TEST-02807,68.97
TEST-02808,73.12
TEST-02809,78.9
TEST-02810,56.16
TEST-02811,47.99
TEST-02812,40.01
TEST-02813,22.79
TEST-02814,104.09
TEST-02815,20.22
TEST-02816,8.48
TEST-02817,45.69
TEST-02818,7.15
TEST-02819,23.79
TEST-02820,19.87
TEST-02821,7.1
TEST-02822,7.05
TEST-02823,4.48
TEST-02824,57.88
TEST-02825,31.82
TEST-02826,19.29
TEST-02827,32.97
TEST-02828,99.04
TEST-02829,24.27
TEST-02830,18.51
TEST-02831,33.61
TEST-02832,40.18
TEST-02833,12.47
TEST-02834,4.73
TEST-02835,23.97
TEST-02836,19.27
TEST-02837,33.63
TEST-02838,70.14
TEST-02839,10.43
TEST-02840,27.73
TEST-02841,82.92
TEST-02842,15.76
TEST-02843,50.17
TEST-02844,53.37
TEST-02845,9.73
TEST-02846,6.4
TEST-02847,52.9
TEST-02848,5.58
TEST-02849,10.43
TEST-02850,38.94
TEST-02851,51.32
TEST-02852,16.28
TEST-02853,9.79
TEST-02854,5.92
TEST-02855,10.36
TEST-02856,47.58
TEST-02857,27.02
TEST-02858,19.62
TEST-02859,13.43
TEST-02860,9.21
TEST-02861,22.39
TEST-02862,96.38
TEST-02863,20.88
TEST-02864,99.84
TEST-02865,32.67
TEST-02866,12.43
TEST-02867,9.61
TEST-02868,16.53
TEST-02869,118.43
TEST-02870,36.57
TEST-02871,40.14
TEST-02872,11.01
TEST-02873,40.48
TEST-02874,36.61
TEST-02875,14.89
TEST-02876,66.62
TEST-02877,35.0
TEST-02878,36.46
TEST-02879,27.29
TEST-02880,18.46
TEST-02881,81.52
TEST-02882,46.22
TEST-02883,28.01
TEST-02884,23.64
TEST-02885,10.58
TEST-02886,36.14
TEST-02887,36.98
TEST-02888,9.23
TEST-02889,46.77
TEST-02890,36.39
TEST-02891,34.08
TEST-02892,3.88
TEST-02893,45.51
TEST-02894,46.34
TEST-02895,9.89
TEST-02896,44.61
TEST-02897,19.11
TEST-02898,4.38
TEST-02899,39.86
TEST-02900,20.07
TEST-02901,28.17
TEST-02902,6.13
TEST-02903,50.9
TEST-02904,53.19
TEST-02905,44.61
TEST-02906,31.47
TEST-02907,4.91
TEST-02908,3.55
TEST-02909,4.53
TEST-02910,10.65
TEST-02911,9.59
TEST-02912,38.57
TEST-02913,58.7
TEST-02914,77.73
TEST-02915,101.61
TEST-02916,11.09
TEST-02917,32.45
TEST-02918,36.42
TEST-02919,4.13
TEST-02920,41.49
TEST-02921,5.3
TEST-02922,38.6
TEST-02923,6.55
TEST-02924,65.43
TEST-02925,50.13
TEST-02926,5.44
TEST-02927,6.01
TEST-02928,56.47
TEST-02929,12.23
TEST-02930,76.29
TEST-02931,26.15
TEST-02932,6.91
TEST-02933,44.48
TEST-02934,10.77
TEST-02935,5.3
TEST-02936,7.81
TEST-02937,4.93
TEST-02938,103.18
TEST-02939,49.43
TEST-02940,31.05
TEST-02941,38.14
TEST-02942,21.62
TEST-02943,8.05
TEST-02944,7.13
TEST-02945,18.44
TEST-02946,64.58
TEST-02947,28.39
TEST-02948,155.03
TEST-02949,53.04
TEST-02950,39.2
TEST-02951,28.81
TEST-02952,50.63
TEST-02953,27.74
TEST-02954,15.73
TEST-02955,35.77
TEST-02956,48.48
TEST-02957,5.34
TEST-02958,20.32
TEST-02959,44.24
TEST-02960,80.72
TEST-02961,3.49
TEST-02962,5.67
TEST-02963,45.59
TEST-02964,5.19
TEST-02965,22.38
TEST-02966,58.44
TEST-02967,4.73
TEST-02968,41.77
TEST-02969,9.49
TEST-02970,35.68
TEST-02971,44.43
TEST-02972,10.29
TEST-02973,33.45
TEST-02974,97.8
TEST-02975,34.99
TEST-02976,49.88
TEST-02977,58.04
TEST-02978,26.1
TEST-02979,26.94
TEST-02980,30.25
TEST-02981,14.04
TEST-02982,11.77
TEST-02983,23.9
TEST-02984,37.77
TEST-02985,59.81
TEST-02986,20.43
TEST-02987,45.62
TEST-02988,15.68
TEST-02989,41.53
TEST-02990,20.48
TEST-02991,54.08
TEST-02992,62.18
TEST-02993,72.81
TEST-02994,61.33
TEST-02995,17.01
TEST-02996,9.65
TEST-02997,50.18
TEST-02998,48.39
TEST-02999,18.35
TEST-03000,38.22
TEST-03001,81.23
TEST-03002,4.21
TEST-03003,4.32
TEST-03004,46.42
TEST-03005,62.47
TEST-03006,2.9
TEST-03007,9.51
TEST-03008,61.97
TEST-03009,23.9
TEST-03010,37.52
TEST-03011,52.77
TEST-03012,15.98
TEST-03013,4.58
TEST-03014,29.99
TEST-03015,11.65
TEST-03016,102.95
TEST-03017,18.36
TEST-03018,5.04
TEST-03019,36.49
TEST-03020,2.85
TEST-03021,44.92
TEST-03022,5.32
TEST-03023,41.76
TEST-03024,10.53
TEST-03025,47.24
TEST-03026,62.3
TEST-03027,92.61
TEST-03028,4.11
TEST-03029,44.77
TEST-03030,30.35
TEST-03031,68.88
TEST-03032,59.74
TEST-03033,92.72
TEST-03034,4.46
TEST-03035,33.62
TEST-03036,53.13
TEST-03037,17.13
TEST-03038,34.42
TEST-03039,50.59
TEST-03040,24.95
TEST-03041,48.06
TEST-03042,17.73
TEST-03043,19.23
TEST-03044,45.57
TEST-03045,29.17
TEST-03046,5.71
TEST-03047,11.46
TEST-03048,71.32
TEST-03049,6.25
TEST-03050,35.77
TEST-03051,99.72
TEST-03052,100.16
TEST-03053,9.66
TEST-03054,38.79
TEST-03055,5.7
TEST-03056,47.48
TEST-03057,7.59
TEST-03058,6.88
TEST-03059,55.83
TEST-03060,87.0
TEST-03061,7.4
TEST-03062,11.74
TEST-03063,114.63
TEST-03064,4.23
TEST-03065,47.49
TEST-03066,17.68
TEST-03067,41.59
TEST-03068,4.12
TEST-03069,9.87
TEST-03070,3.44
TEST-03071,3.06
TEST-03072,6.23
TEST-03073,42.61
TEST-03074,42.68
TEST-03075,92.1
TEST-03076,6.32
TEST-03077,24.36
TEST-03078,47.79
TEST-03079,17.57
TEST-03080,24.73
TEST-03081,53.45
TEST-03082,11.97
TEST-03083,7.06
TEST-03084,54.19
TEST-03085,36.77
TEST-03086,56.14
TEST-03087,43.51
TEST-03088,5.11
TEST-03089,37.6
TEST-03090,46.69
TEST-03091,29.77
TEST-03092,6.96
TEST-03093,8.82
TEST-03094,8.79
TEST-03095,5.09
TEST-03096,4.54
TEST-03097,47.36
TEST-03098,42.36
TEST-03099,49.06
TEST-03100,79.62
TEST-03101,25.64
TEST-03102,4.28
TEST-03103,15.0
TEST-03104,4.75
TEST-03105,42.75
TEST-03106,40.06
TEST-03107,6.2
TEST-03108,4.96
TEST-03109,4.5
TEST-03110,27.07
TEST-03111,40.82
TEST-03112,4.44
TEST-03113,5.72
TEST-03114,43.82
TEST-03115,22.92
TEST-03116,34.91
TEST-03117,36.01
TEST-03118,3.56
TEST-03119,38.59
TEST-03120,29.23
TEST-03121,47.77
TEST-03122,109.14
TEST-03123,8.74
TEST-03124,15.01
TEST-03125,41.42
TEST-03126,23.2
TEST-03127,8.31
TEST-03128,49.43
TEST-03129,85.3
TEST-03130,4.61
TEST-03131,58.84
TEST-03132,11.84
TEST-03133,46.8
TEST-03134,27.9
TEST-03135,76.76
TEST-03136,29.24
TEST-03137,59.49
TEST-03138,23.65
TEST-03139,106.71
TEST-03140,16.64
TEST-03141,5.32
TEST-03142,21.68
TEST-03143,13.11
TEST-03144,6.28
TEST-03145,29.68
TEST-03146,43.57
TEST-03147,106.21
TEST-03148,10.56
TEST-03149,33.02
TEST-03150,6.59
TEST-03151,3.9
TEST-03152,37.54
TEST-03153,86.23
TEST-03154,4.92
TEST-03155,21.63
TEST-03156,6.44
TEST-03157,36.79
TEST-03158,62.83
TEST-03159,134.69
TEST-03160,46.46
TEST-03161,13.41
TEST-03162,62.77
TEST-03163,3.27
TEST-03164,32.06
TEST-03165,67.19
TEST-03166,6.57
TEST-03167,6.04
TEST-03168,57.89
TEST-03169,50.82
TEST-03170,30.64
TEST-03171,20.25
TEST-03172,39.7
TEST-03173,22.73
TEST-03174,22.23
TEST-03175,31.43
TEST-03176,4.38
TEST-03177,4.99
TEST-03178,31.98
TEST-03179,23.21
TEST-03180,76.13
TEST-03181,54.34
TEST-03182,5.77
TEST-03183,51.74
TEST-03184,45.48
TEST-03185,4.83
TEST-03186,6.19
TEST-03187,27.08
TEST-03188,60.99
TEST-03189,32.78
TEST-03190,40.36
TEST-03191,30.22
TEST-03192,60.64
TEST-03193,38.12
TEST-03194,66.57
TEST-03195,44.11
TEST-03196,17.03
TEST-03197,56.14
TEST-03198,21.29
TEST-03199,51.65
TEST-03200,63.49
TEST-03201,36.76
TEST-03202,22.1
TEST-03203,38.51
TEST-03204,4.56
TEST-03205,12.2
TEST-03206,5.41
TEST-03207,106.99
TEST-03208,19.59
TEST-03209,95.56
TEST-03210,36.1
TEST-03211,10.81
TEST-03212,44.13
TEST-03213,36.38
TEST-03214,61.37
TEST-03215,21.49
TEST-03216,5.88
TEST-03217,33.27
TEST-03218,26.17
TEST-03219,22.49
TEST-03220,6.13
TEST-03221,6.18
TEST-03222,41.59
TEST-03223,35.97
TEST-03224,50.18
TEST-03225,75.22
TEST-03226,49.87
TEST-03227,5.88
TEST-03228,7.14
TEST-03229,28.1
TEST-03230,15.88
TEST-03231,47.06
TEST-03232,30.72
TEST-03233,19.93
TEST-03234,19.46
TEST-03235,37.38
TEST-03236,39.68
TEST-03237,25.52
TEST-03238,7.35
TEST-03239,37.83
TEST-03240,17.29
TEST-03241,30.44
TEST-03242,4.61
TEST-03243,11.17
TEST-03244,45.03
TEST-03245,11.34
TEST-03246,37.36
TEST-03247,14.96
TEST-03248,6.11
TEST-03249,7.44
TEST-03250,17.2
TEST-03251,11.07
TEST-03252,6.1
TEST-03253,53.17
TEST-03254,9.3
TEST-03255,47.5
TEST-03256,12.99
TEST-03257,55.64
TEST-03258,4.53
TEST-03259,23.58
TEST-03260,57.71
TEST-03261,32.35
TEST-03262,16.75
TEST-03263,55.1
TEST-03264,21.83
TEST-03265,17.22
TEST-03266,23.34
TEST-03267,34.68
TEST-03268,52.76
TEST-03269,21.72
TEST-03270,22.25
TEST-03271,89.05
TEST-03272,22.15
TEST-03273,35.22
TEST-03274,39.84
TEST-03275,47.9
TEST-03276,4.04
TEST-03277,38.77
TEST-03278,26.58
TEST-03279,31.46
TEST-03280,20.5
TEST-03281,55.55
TEST-03282,51.05
TEST-03283,93.92
TEST-03284,37.95
TEST-03285,48.9
TEST-03286,121.58
TEST-03287,36.08
TEST-03288,40.59
TEST-03289,31.26
TEST-03290,6.61
TEST-03291,49.54
TEST-03292,34.35
TEST-03293,58.76
TEST-03294,5.04
TEST-03295,21.71
TEST-03296,62.52
TEST-03297,42.19
TEST-03298,37.2
TEST-03299,4.23
TEST-03300,38.66
TEST-03301,27.91
TEST-03302,36.55
TEST-03303,24.98
TEST-03304,4.36
TEST-03305,18.85
TEST-03306,6.01
TEST-03307,50.96
TEST-03308,23.69
TEST-03309,39.68
TEST-03310,46.74
TEST-03311,79.72
TEST-03312,4.27
TEST-03313,9.26
TEST-03314,45.95
TEST-03315,23.38
TEST-03316,45.99
TEST-03317,4.3
TEST-03318,62.2
TEST-03319,21.79
TEST-03320,36.91
TEST-03321,20.79
TEST-03322,33.37
TEST-03323,52.59
TEST-03324,60.74
TEST-03325,27.98
TEST-03326,18.47
TEST-03327,31.63
TEST-03328,48.13
TEST-03329,42.71
TEST-03330,16.15
TEST-03331,50.0
TEST-03332,21.23
TEST-03333,19.61
TEST-03334,23.98
TEST-03335,17.91
TEST-03336,120.35
TEST-03337,9.79
TEST-03338,22.13
TEST-03339,53.93
TEST-03340,19.61
TEST-03341,11.69
TEST-03342,8.45
TEST-03343,34.37
TEST-03344,3.65
TEST-03345,45.07
TEST-03346,32.6
TEST-03347,34.22
TEST-03348,41.93
TEST-03349,51.85
TEST-03350,44.32
TEST-03351,45.43
TEST-03352,48.78
TEST-03353,30.06
TEST-03354,3.65
TEST-03355,101.23
TEST-03356,46.11
TEST-03357,56.17
TEST-03358,15.29
TEST-03359,51.51
TEST-03360,13.28
TEST-03361,58.79
TEST-03362,54.78
TEST-03363,38.09
TEST-03364,23.33
TEST-03365,8.58
TEST-03366,34.21
TEST-03367,57.64
TEST-03368,4.87
TEST-03369,4.78
TEST-03370,25.09
TEST-03371,31.68
TEST-03372,18.72
TEST-03373,18.98
TEST-03374,5.79
TEST-03375,88.31
TEST-03376,106.19
TEST-03377,5.72
TEST-03378,18.37
TEST-03379,28.23
TEST-03380,14.67
TEST-03381,95.76
TEST-03382,4.93
TEST-03383,50.74
TEST-03384,5.63
TEST-03385,34.79
TEST-03386,52.98
TEST-03387,47.42
TEST-03388,49.56
TEST-03389,54.08
TEST-03390,17.86
TEST-03391,6.28
TEST-03392,5.2
TEST-03393,18.69
TEST-03394,44.36
TEST-03395,5.94
TEST-03396,43.64
TEST-03397,60.58
TEST-03398,12.76
TEST-03399,76.27
TEST-03400,8.81
TEST-03401,44.79
TEST-03402,8.37
TEST-03403,7.62
TEST-03404,4.59
TEST-03405,4.01
TEST-03406,59.36
TEST-03407,62.32
TEST-03408,5.79
TEST-03409,83.28
TEST-03410,131.16
TEST-03411,7.29
TEST-03412,5.55
TEST-03413,5.98
TEST-03414,36.66
TEST-03415,7.01
TEST-03416,8.47
TEST-03417,19.07
TEST-03418,109.22
TEST-03419,18.55
TEST-03420,54.0
TEST-03421,37.76
TEST-03422,5.13
TEST-03423,46.28
TEST-03424,28.76
TEST-03425,33.33
TEST-03426,112.49
TEST-03427,5.7
TEST-03428,29.97
TEST-03429,61.01
TEST-03430,4.37
TEST-03431,16.89
TEST-03432,35.55
TEST-03433,76.89
TEST-03434,20.54
TEST-03435,53.82
TEST-03436,23.11
TEST-03437,10.44
TEST-03438,59.55
TEST-03439,20.58
TEST-03440,35.04
TEST-03441,40.59
TEST-03442,84.05
TEST-03443,9.2
TEST-03444,68.49
TEST-03445,4.59
TEST-03446,43.54
TEST-03447,26.63
TEST-03448,11.5
TEST-03449,43.19
TEST-03450,44.73
TEST-03451,20.72
TEST-03452,31.92
TEST-03453,5.85
TEST-03454,34.2
TEST-03455,25.32
TEST-03456,21.53
TEST-03457,17.43
TEST-03458,43.2
TEST-03459,8.01
TEST-03460,34.05
TEST-03461,76.91
TEST-03462,45.79
TEST-03463,49.59
TEST-03464,45.33
TEST-03465,28.74
TEST-03466,6.46
TEST-03467,35.15
TEST-03468,5.53
TEST-03469,57.57
TEST-03470,49.72
TEST-03471,5.75
TEST-03472,62.01
TEST-03473,51.64
TEST-03474,28.69
TEST-03475,41.08
TEST-03476,49.83
TEST-03477,47.75
TEST-03478,5.33
TEST-03479,127.91
TEST-03480,57.53
TEST-03481,61.0
TEST-03482,64.92
TEST-03483,9.41
TEST-03484,22.89
TEST-03485,109.93
TEST-03486,42.76
TEST-03487,5.54
TEST-03488,78.94
TEST-03489,46.7
TEST-03490,26.19
TEST-03491,60.18
TEST-03492,10.77
TEST-03493,31.36
TEST-03494,32.73
TEST-03495,33.69
TEST-03496,52.1
TEST-03497,21.09
TEST-03498,53.36
TEST-03499,54.33
TEST-03500,5.86
TEST-03501,14.93
TEST-03502,31.25
TEST-03503,19.38
TEST-03504,34.7
TEST-03505,31.67
TEST-03506,3.74
TEST-03507,19.38
TEST-03508,47.72
TEST-03509,87.79
TEST-03510,59.27
TEST-03511,25.96
TEST-03512,10.65
TEST-03513,36.79
TEST-03514,7.35
TEST-03515,7.21
TEST-03516,14.18
TEST-03517,106.71
TEST-03518,26.42
TEST-03519,4.87
TEST-03520,35.48
TEST-03521,49.78
TEST-03522,32.98
TEST-03523,7.04
TEST-03524,27.07
TEST-03525,38.28
TEST-03526,21.5
TEST-03527,18.69
TEST-03528,5.56
TEST-03529,62.26
TEST-03530,61.41
TEST-03531,19.9
TEST-03532,25.37
TEST-03533,87.81
TEST-03534,110.06
TEST-03535,57.71
TEST-03536,112.17
TEST-03537,22.57
TEST-03538,12.15
TEST-03539,42.62
TEST-03540,58.33
TEST-03541,35.38
TEST-03542,61.42
TEST-03543,18.19
TEST-03544,5.05
TEST-03545,19.04
TEST-03546,35.56
TEST-03547,38.13
TEST-03548,32.12
TEST-03549,46.12
TEST-03550,35.22
TEST-03551,70.46
TEST-03552,42.02
TEST-03553,7.7
TEST-03554,32.1
TEST-03555,20.12
TEST-03556,35.99
TEST-03557,51.32
TEST-03558,24.14
TEST-03559,44.67
TEST-03560,5.14
TEST-03561,20.79
TEST-03562,17.25
TEST-03563,94.47
TEST-03564,20.95
TEST-03565,4.15
TEST-03566,23.26
TEST-03567,17.76
TEST-03568,34.52
TEST-03569,5.33
TEST-03570,5.09
TEST-03571,57.4
TEST-03572,12.14
TEST-03573,4.72
TEST-03574,65.68
TEST-03575,75.58
TEST-03576,5.9
TEST-03577,45.1
TEST-03578,46.55
TEST-03579,12.67
TEST-03580,28.19
TEST-03581,25.88
TEST-03582,54.59
TEST-03583,20.28
TEST-03584,51.69
TEST-03585,8.72
TEST-03586,22.99
TEST-03587,60.58
TEST-03588,3.73
TEST-03589,9.59
TEST-03590,39.36
TEST-03591,54.41
TEST-03592,18.01
TEST-03593,30.63
TEST-03594,21.52
TEST-03595,10.19
TEST-03596,15.37
TEST-03597,3.11
TEST-03598,5.31
TEST-03599,17.8
TEST-03600,45.57
TEST-03601,3.31
TEST-03602,9.65
TEST-03603,4.19
TEST-03604,22.35
TEST-03605,57.24
TEST-03606,6.61
TEST-03607,35.64
TEST-03608,3.42
TEST-03609,48.02
TEST-03610,86.49
TEST-03611,18.19
TEST-03612,39.62
TEST-03613,33.36
TEST-03614,42.85
TEST-03615,25.89
TEST-03616,20.98
TEST-03617,26.04
TEST-03618,5.91
TEST-03619,28.98
TEST-03620,113.77
TEST-03621,21.03
TEST-03622,6.6
TEST-03623,23.12
TEST-03624,5.99
TEST-03625,59.68
TEST-03626,25.66
TEST-03627,3.77
TEST-03628,5.15
TEST-03629,41.8
TEST-03630,37.52
TEST-03631,61.85
TEST-03632,7.64
TEST-03633,44.12
TEST-03634,21.48
TEST-03635,5.94
TEST-03636,5.16
TEST-03637,9.86
TEST-03638,23.22
TEST-03639,10.65
TEST-03640,18.11
TEST-03641,34.48
TEST-03642,5.01
TEST-03643,40.32
TEST-03644,11.15
TEST-03645,8.05
TEST-03646,11.48
TEST-03647,11.91
TEST-03648,54.82
TEST-03649,26.87
TEST-03650,32.36
TEST-03651,86.9
TEST-03652,21.09
TEST-03653,3.09
TEST-03654,53.75
TEST-03655,36.46
TEST-03656,8.02
TEST-03657,18.69
TEST-03658,15.97
TEST-03659,33.37
TEST-03660,62.68
TEST-03661,21.46
TEST-03662,32.77
TEST-03663,71.45
TEST-03664,32.65
TEST-03665,45.74
TEST-03666,17.94
TEST-03667,57.01
TEST-03668,9.49
TEST-03669,3.96
TEST-03670,59.25
TEST-03671,36.23
TEST-03672,47.43
TEST-03673,32.55
TEST-03674,6.62
TEST-03675,48.85
TEST-03676,5.67
TEST-03677,42.17
TEST-03678,27.5
TEST-03679,49.84
TEST-03680,6.23
TEST-03681,47.57
TEST-03682,36.77
TEST-03683,38.87
TEST-03684,26.08
TEST-03685,24.45
TEST-03686,47.93
TEST-03687,77.7
TEST-03688,38.37
TEST-03689,41.65
TEST-03690,28.73
TEST-03691,101.17
TEST-03692,21.73
TEST-03693,92.57
TEST-03694,5.39
TEST-03695,36.38
TEST-03696,16.84
TEST-03697,46.67
TEST-03698,34.94
TEST-03699,8.5
TEST-03700,82.24
TEST-03701,35.19
TEST-03702,5.23
TEST-03703,21.99
TEST-03704,6.29
TEST-03705,14.15
TEST-03706,32.48
TEST-03707,15.76
TEST-03708,53.23
TEST-03709,50.22
TEST-03710,9.63
TEST-03711,33.34
TEST-03712,6.21
TEST-03713,34.57
TEST-03714,64.98
TEST-03715,47.15
TEST-03716,51.55
TEST-03717,43.57
TEST-03718,46.67
TEST-03719,55.08
TEST-03720,23.77
TEST-03721,19.52
TEST-03722,17.36
TEST-03723,49.7
TEST-03724,22.15
TEST-03725,18.8
TEST-03726,45.13
TEST-03727,4.82
TEST-03728,17.16
TEST-03729,34.93
TEST-03730,4.72
TEST-03731,11.45
TEST-03732,52.08
TEST-03733,93.92
TEST-03734,7.53
TEST-03735,63.88
TEST-03736,17.42
TEST-03737,6.12
TEST-03738,72.04
TEST-03739,44.34
TEST-03740,69.36
TEST-03741,50.04
TEST-03742,54.29
TEST-03743,50.03
TEST-03744,59.14
TEST-03745,47.12
TEST-03746,40.4
TEST-03747,29.67
TEST-03748,21.83
TEST-03749,15.72
TEST-03750,3.69
TEST-03751,10.7
TEST-03752,35.03
TEST-03753,10.5
TEST-03754,15.73
TEST-03755,16.68
TEST-03756,53.8
TEST-03757,11.64
TEST-03758,5.92
TEST-03759,94.45
TEST-03760,24.29
TEST-03761,10.75
TEST-03762,37.57
TEST-03763,55.6
TEST-03764,24.79
TEST-03765,51.2
TEST-03766,9.96
TEST-03767,49.52
TEST-03768,65.24
TEST-03769,22.22
TEST-03770,52.26
TEST-03771,30.04
TEST-03772,45.87
TEST-03773,30.35
TEST-03774,22.32
TEST-03775,25.24
TEST-03776,15.92
TEST-03777,43.19
TEST-03778,4.94
TEST-03779,36.38
TEST-03780,38.84
TEST-03781,22.07
TEST-03782,43.77
TEST-03783,98.92
TEST-03784,3.03
TEST-03785,16.44
TEST-03786,6.25
TEST-03787,4.59
TEST-03788,52.02
TEST-03789,20.32
TEST-03790,38.08
TEST-03791,6.01
TEST-03792,53.1
TEST-03793,17.92
TEST-03794,9.45
TEST-03795,6.09
TEST-03796,33.26
TEST-03797,16.88
TEST-03798,38.91
TEST-03799,54.94
TEST-03800,21.76
TEST-03801,34.09
TEST-03802,45.54
TEST-03803,41.03
TEST-03804,50.91
TEST-03805,48.64
TEST-03806,2.99
TEST-03807,48.34
TEST-03808,4.24
TEST-03809,33.85
TEST-03810,41.47
TEST-03811,66.59
TEST-03812,3.37
TEST-03813,49.39
TEST-03814,4.1
TEST-03815,43.24
TEST-03816,83.16
TEST-03817,15.6
TEST-03818,7.57
TEST-03819,7.92
TEST-03820,21.32
TEST-03821,4.55
TEST-03822,51.15
TEST-03823,18.04
TEST-03824,33.97
TEST-03825,52.64
TEST-03826,9.22
TEST-03827,50.65
TEST-03828,37.64
TEST-03829,43.71
TEST-03830,12.68
TEST-03831,24.15
TEST-03832,47.65
TEST-03833,62.48
TEST-03834,4.47
TEST-03835,7.3
TEST-03836,55.66
TEST-03837,26.58
TEST-03838,46.72
TEST-03839,60.66
TEST-03840,22.3
TEST-03841,4.98
TEST-03842,3.85
TEST-03843,16.14
TEST-03844,46.08
TEST-03845,22.69
TEST-03846,10.42
TEST-03847,42.73
TEST-03848,29.55
TEST-03849,35.39
TEST-03850,7.29
TEST-03851,15.18
TEST-03852,15.84
TEST-03853,5.62
TEST-03854,9.62
TEST-03855,4.59
TEST-03856,56.64
TEST-03857,66.56
TEST-03858,39.56
TEST-03859,31.46
TEST-03860,36.08
TEST-03861,10.89
TEST-03862,3.38
TEST-03863,44.17
TEST-03864,27.74
TEST-03865,36.43
TEST-03866,35.74
TEST-03867,5.8
TEST-03868,12.58
TEST-03869,20.99
TEST-03870,24.32
TEST-03871,49.88
TEST-03872,11.15
TEST-03873,22.48
TEST-03874,9.03
TEST-03875,34.94
TEST-03876,60.54
TEST-03877,5.72
TEST-03878,28.5
TEST-03879,21.03
TEST-03880,47.63
TEST-03881,35.16
TEST-03882,7.0
TEST-03883,12.35
TEST-03884,102.13
TEST-03885,68.77
TEST-03886,9.56
TEST-03887,21.81
TEST-03888,17.22
TEST-03889,31.18
TEST-03890,13.94
TEST-03891,41.12
TEST-03892,9.98
TEST-03893,4.97
TEST-03894,44.12
TEST-03895,57.74
TEST-03896,43.93
TEST-03897,64.14
TEST-03898,68.56
TEST-03899,36.4
TEST-03900,37.85
TEST-03901,47.16
TEST-03902,41.24
TEST-03903,77.02
TEST-03904,57.5
TEST-03905,99.46
TEST-03906,18.89
TEST-03907,7.02
TEST-03908,34.19
TEST-03909,9.16
TEST-03910,12.17
TEST-03911,4.58
TEST-03912,10.4
TEST-03913,4.53
TEST-03914,48.12
TEST-03915,73.56
TEST-03916,5.12
TEST-03917,54.88
TEST-03918,54.65
TEST-03919,18.93
TEST-03920,12.0
TEST-03921,31.92
TEST-03922,13.73
TEST-03923,3.59
TEST-03924,16.15
TEST-03925,54.47
TEST-03926,57.85
TEST-03927,35.22
TEST-03928,23.25
TEST-03929,70.52
TEST-03930,37.05
TEST-03931,27.93
TEST-03932,73.32
TEST-03933,11.37
TEST-03934,62.68
TEST-03935,3.95
TEST-03936,49.05
TEST-03937,7.5
TEST-03938,3.75
TEST-03939,38.08
TEST-03940,22.87
TEST-03941,33.21
TEST-03942,40.21
TEST-03943,17.99
TEST-03944,31.19
TEST-03945,7.08
TEST-03946,46.23
TEST-03947,19.9
TEST-03948,4.93
TEST-03949,20.08
TEST-03950,85.42
TEST-03951,6.95
TEST-03952,3.24
TEST-03953,4.65
TEST-03954,4.58
TEST-03955,7.77
TEST-03956,35.11
TEST-03957,22.35
TEST-03958,47.51
TEST-03959,5.15
TEST-03960,63.67
TEST-03961,3.05
TEST-03962,5.58
TEST-03963,3.81
TEST-03964,5.33
TEST-03965,4.58
TEST-03966,55.64
TEST-03967,18.12
TEST-03968,8.78
TEST-03969,67.5
TEST-03970,34.81
TEST-03971,73.21
TEST-03972,46.64
TEST-03973,34.61
TEST-03974,45.78
TEST-03975,32.5
TEST-03976,32.03
TEST-03977,28.82
TEST-03978,6.26
TEST-03979,46.21
TEST-03980,104.68
TEST-03981,52.99
TEST-03982,9.37
TEST-03983,24.25
TEST-03984,73.87
TEST-03985,4.45
TEST-03986,48.03
TEST-03987,37.63
TEST-03988,23.6
TEST-03989,47.51
TEST-03990,38.28
TEST-03991,46.06
TEST-03992,74.72
TEST-03993,12.03
TEST-03994,51.35
TEST-03995,55.41
TEST-03996,28.65
TEST-03997,23.41
TEST-03998,57.24
TEST-03999,104.54
TEST-04000,16.18
TEST-04001,38.11
TEST-04002,60.89
TEST-04003,42.14
TEST-04004,4.03
TEST-04005,8.58
TEST-04006,100.78
TEST-04007,20.35
TEST-04008,24.43
TEST-04009,10.26
TEST-04010,20.49
TEST-04011,31.25
TEST-04012,23.26
TEST-04013,39.58
TEST-04014,25.09
TEST-04015,115.76
TEST-04016,55.13
TEST-04017,43.78
TEST-04018,64.99
TEST-04019,5.79
TEST-04020,27.54
TEST-04021,34.51
TEST-04022,47.04
TEST-04023,28.3
TEST-04024,19.9
TEST-04025,18.23
TEST-04026,67.45
TEST-04027,47.45
TEST-04028,16.26
TEST-04029,8.74
TEST-04030,9.25
TEST-04031,64.61
TEST-04032,38.98
