zone,is_weekend,hour,typical_trips
Arat Kilo,0,0,4.26
Arat Kilo,0,1,2.81
Arat Kilo,0,2,3.38
Arat Kilo,0,3,3.2
Arat Kilo,0,4,3.32
Arat Kilo,0,5,6.05
Arat Kilo,0,6,15.52
Arat Kilo,0,7,41.25
Arat Kilo,0,8,53.82
Arat Kilo,0,9,38.78
Arat Kilo,0,10,20.47
Arat Kilo,0,11,16.15
Arat Kilo,0,12,28.85
Arat Kilo,0,13,37.97
Arat Kilo,0,14,35.15
Arat Kilo,0,15,30.18
Arat Kilo,0,16,43.97
Arat Kilo,0,17,64.74
Arat Kilo,0,18,74.85
Arat Kilo,0,19,56.29
Arat Kilo,0,20,40.58
Arat Kilo,0,21,24.0
Arat Kilo,0,22,12.13
Arat Kilo,0,23,5.98
Arat Kilo,1,0,4.56
Arat Kilo,1,1,5.07
Arat Kilo,1,2,3.87
Arat Kilo,1,3,2.93
Arat Kilo,1,4,3.73
Arat Kilo,1,5,4.62
Arat Kilo,1,6,4.0
Arat Kilo,1,7,6.75
Arat Kilo,1,8,11.12
Arat Kilo,1,9,12.31
Arat Kilo,1,10,14.56
Arat Kilo,1,11,20.19
Arat Kilo,1,12,19.8
Arat Kilo,1,13,18.69
Arat Kilo,1,14,17.53
Arat Kilo,1,15,18.4
Arat Kilo,1,16,18.5
Arat Kilo,1,17,23.25
Arat Kilo,1,18,27.0
Arat Kilo,1,19,26.31
Arat Kilo,1,20,23.62
Arat Kilo,1,21,17.53
Arat Kilo,1,22,12.19
Arat Kilo,1,23,7.2
Ayat,0,0,4.86
Ayat,0,1,3.62
Ayat,0,2,3.15
Ayat,0,3,3.77
Ayat,0,4,5.92
Ayat,0,5,15.49
Ayat,0,6,31.94
Ayat,0,7,46.48
Ayat,0,8,35.83
Ayat,0,9,23.11
Ayat,0,10,16.5
Ayat,0,11,18.23
Ayat,0,12,17.62
Ayat,0,13,18.0
Ayat,0,14,17.35
Ayat,0,15,16.08
Ayat,0,16,19.5
Ayat,0,17,28.76
Ayat,0,18,39.83
Ayat,0,19,40.0
Ayat,0,20,34.95
Ayat,0,21,26.17
Ayat,0,22,17.26
Ayat,0,23,9.18
Ayat,1,0,6.34
Ayat,1,1,4.25
Ayat,1,2,4.19
Ayat,1,3,3.8
Ayat,1,4,4.6
Ayat,1,5,5.67
Ayat,1,6,7.62
Ayat,1,7,14.07
Ayat,1,8,16.94
Ayat,1,9,25.2
Ayat,1,10,30.5
Ayat,1,11,33.6
Ayat,1,12,35.94
Ayat,1,13,36.81
Ayat,1,14,34.56
Ayat,1,15,31.56
Ayat,1,16,34.88
Ayat,1,17,36.67
Ayat,1,18,39.62
Ayat,1,19,37.87
Ayat,1,20,33.62
Ayat,1,21,24.38
Ayat,1,22,16.5
Ayat,1,23,10.56
Bole,0,0,15.3
Bole,0,1,13.71
Bole,0,2,11.12
Bole,0,3,16.68
Bole,0,4,30.15
Bole,0,5,59.74
Bole,0,6,68.22
Bole,0,7,56.75
Bole,0,8,48.18
Bole,0,9,43.9
Bole,0,10,36.95
Bole,0,11,34.37
Bole,0,12,39.55
Bole,0,13,47.4
Bole,0,14,45.0
Bole,0,15,37.03
Bole,0,16,35.74
Bole,0,17,43.07
Bole,0,18,55.0
Bole,0,19,59.84
Bole,0,20,62.11
Bole,0,21,53.05
Bole,0,22,43.97
Bole,0,23,33.31
Bole,1,0,108.06
Bole,1,1,66.62
Bole,1,2,39.12
Bole,1,3,25.12
Bole,1,4,29.67
Bole,1,5,50.94
Bole,1,6,51.13
Bole,1,7,34.27
Bole,1,8,22.38
Bole,1,9,22.0
Bole,1,10,26.75
Bole,1,11,34.44
Bole,1,12,40.8
Bole,1,13,47.6
Bole,1,14,47.56
Bole,1,15,52.33
Bole,1,16,51.63
Bole,1,17,54.25
Bole,1,18,68.07
Bole,1,19,72.07
Bole,1,20,77.81
Bole,1,21,90.25
Bole,1,22,90.69
Bole,1,23,86.8
CMC,0,0,6.68
CMC,0,1,5.54
CMC,0,2,4.79
CMC,0,3,4.61
CMC,0,4,8.77
CMC,0,5,21.89
CMC,0,6,48.97
CMC,0,7,65.63
CMC,0,8,53.49
CMC,0,9,32.64
CMC,0,10,23.59
CMC,0,11,24.54
CMC,0,12,27.25
CMC,0,13,25.0
CMC,0,14,24.08
CMC,0,15,22.24
CMC,0,16,27.42
CMC,0,17,42.89
CMC,0,18,53.46
CMC,0,19,58.7
CMC,0,20,52.58
CMC,0,21,35.34
CMC,0,22,23.36
CMC,0,23,12.2
CMC,1,0,7.94
CMC,1,1,7.87
CMC,1,2,5.88
CMC,1,3,7.2
CMC,1,4,6.07
CMC,1,5,7.47
CMC,1,6,10.81
CMC,1,7,15.62
CMC,1,8,27.94
CMC,1,9,35.0
CMC,1,10,42.8
CMC,1,11,44.33
CMC,1,12,52.0
CMC,1,13,53.47
CMC,1,14,48.0
CMC,1,15,45.73
CMC,1,16,44.13
CMC,1,17,52.53
CMC,1,18,52.38
CMC,1,19,55.8
CMC,1,20,47.13
CMC,1,21,36.88
CMC,1,22,25.33
CMC,1,23,11.81
Gerji,0,0,7.48
Gerji,0,1,4.86
Gerji,0,2,4.03
Gerji,0,3,4.92
Gerji,0,4,8.64
Gerji,0,5,20.89
Gerji,0,6,44.26
Gerji,0,7,60.68
Gerji,0,8,48.54
Gerji,0,9,30.38
Gerji,0,10,21.13
Gerji,0,11,21.79
Gerji,0,12,23.7
Gerji,0,13,25.78
Gerji,0,14,23.38
Gerji,0,15,21.12
Gerji,0,16,29.4
Gerji,0,17,39.49
Gerji,0,18,55.3
Gerji,0,19,52.77
Gerji,0,20,48.32
Gerji,0,21,35.16
Gerji,0,22,23.18
Gerji,0,23,11.38
Gerji,1,0,8.0
Gerji,1,1,6.06
Gerji,1,2,6.06
Gerji,1,3,5.4
Gerji,1,4,7.27
Gerji,1,5,7.5
Gerji,1,6,11.31
Gerji,1,7,16.44
Gerji,1,8,28.44
Gerji,1,9,34.33
Gerji,1,10,43.28
Gerji,1,11,45.84
Gerji,1,12,51.12
Gerji,1,13,47.47
Gerji,1,14,46.5
Gerji,1,15,44.12
Gerji,1,16,43.33
Gerji,1,17,51.62
Gerji,1,18,49.44
Gerji,1,19,48.62
Gerji,1,20,46.88
Gerji,1,21,31.67
Gerji,1,22,22.43
Gerji,1,23,11.81
Kazanchis,0,0,5.87
Kazanchis,0,1,5.65
Kazanchis,0,2,5.32
Kazanchis,0,3,5.55
Kazanchis,0,4,4.95
Kazanchis,0,5,8.92
Kazanchis,0,6,24.38
Kazanchis,0,7,65.97
Kazanchis,0,8,81.61
Kazanchis,0,9,59.72
Kazanchis,0,10,27.18
Kazanchis,0,11,24.54
Kazanchis,0,12,44.26
Kazanchis,0,13,59.72
Kazanchis,0,14,52.11
Kazanchis,0,15,47.45
Kazanchis,0,16,76.77
Kazanchis,0,17,117.0
Kazanchis,0,18,126.56
Kazanchis,0,19,90.67
Kazanchis,0,20,64.68
Kazanchis,0,21,38.89
Kazanchis,0,22,21.18
Kazanchis,0,23,8.77
Kazanchis,1,0,7.27
Kazanchis,1,1,6.36
Kazanchis,1,2,5.38
Kazanchis,1,3,5.53
Kazanchis,1,4,6.31
Kazanchis,1,5,7.0
Kazanchis,1,6,7.33
Kazanchis,1,7,10.19
Kazanchis,1,8,16.12
Kazanchis,1,9,17.88
Kazanchis,1,10,23.19
Kazanchis,1,11,26.27
Kazanchis,1,12,28.0
Kazanchis,1,13,40.47
Kazanchis,1,14,38.33
Kazanchis,1,15,29.75
Kazanchis,1,16,31.69
Kazanchis,1,17,55.27
Kazanchis,1,18,55.12
Kazanchis,1,19,43.19
Kazanchis,1,20,33.69
Kazanchis,1,21,26.31
Kazanchis,1,22,16.47
Kazanchis,1,23,11.19
Kolfe,0,0,5.65
Kolfe,0,1,4.74
Kolfe,0,2,4.21
Kolfe,0,3,5.0
Kolfe,0,4,7.67
Kolfe,0,5,18.63
Kolfe,0,6,43.78
Kolfe,0,7,61.59
Kolfe,0,8,46.63
Kolfe,0,9,28.0
Kolfe,0,10,21.35
Kolfe,0,11,20.74
Kolfe,0,12,22.7
Kolfe,0,13,23.62
Kolfe,0,14,21.46
Kolfe,0,15,19.03
Kolfe,0,16,25.68
Kolfe,0,17,38.15
Kolfe,0,18,48.92
Kolfe,0,19,51.7
Kolfe,0,20,47.37
Kolfe,0,21,32.32
Kolfe,0,22,20.77
Kolfe,0,23,10.77
Kolfe,1,0,7.62
Kolfe,1,1,5.5
Kolfe,1,2,5.38
Kolfe,1,3,4.56
Kolfe,1,4,5.44
Kolfe,1,5,7.44
Kolfe,1,6,10.81
Kolfe,1,7,17.12
Kolfe,1,8,24.75
Kolfe,1,9,31.33
Kolfe,1,10,39.0
Kolfe,1,11,40.94
Kolfe,1,12,45.93
Kolfe,1,13,41.88
Kolfe,1,14,43.13
Kolfe,1,15,41.0
Kolfe,1,16,38.78
Kolfe,1,17,45.25
Kolfe,1,18,46.06
Kolfe,1,19,47.12
Kolfe,1,20,36.69
Kolfe,1,21,31.33
Kolfe,1,22,22.94
Kolfe,1,23,10.69
Lideta,0,0,6.72
Lideta,0,1,6.69
Lideta,0,2,5.71
Lideta,0,3,7.02
Lideta,0,4,8.3
Lideta,0,5,15.36
Lideta,0,6,36.33
Lideta,0,7,61.97
Lideta,0,8,67.16
Lideta,0,9,48.97
Lideta,0,10,38.85
Lideta,0,11,36.62
Lideta,0,12,39.97
Lideta,0,13,40.5
Lideta,0,14,38.28
Lideta,0,15,36.31
Lideta,0,16,50.5
Lideta,0,17,71.15
Lideta,0,18,79.15
Lideta,0,19,61.83
Lideta,0,20,36.88
Lideta,0,21,18.55
Lideta,0,22,9.31
Lideta,0,23,7.75
Lideta,1,0,9.75
Lideta,1,1,7.0
Lideta,1,2,8.4
Lideta,1,3,9.8
Lideta,1,4,9.2
Lideta,1,5,10.33
Lideta,1,6,14.44
Lideta,1,7,20.2
Lideta,1,8,28.13
Lideta,1,9,31.94
Lideta,1,10,40.19
Lideta,1,11,41.4
Lideta,1,12,45.47
Lideta,1,13,43.93
Lideta,1,14,43.67
Lideta,1,15,47.81
Lideta,1,16,48.69
Lideta,1,17,51.29
Lideta,1,18,44.33
Lideta,1,19,35.81
Lideta,1,20,29.88
Lideta,1,21,21.81
Lideta,1,22,16.69
Lideta,1,23,11.62
Megenagna,0,0,9.35
Megenagna,0,1,9.82
Megenagna,0,2,8.76
Megenagna,0,3,9.62
Megenagna,0,4,12.08
Megenagna,0,5,23.21
Megenagna,0,6,50.64
Megenagna,0,7,86.51
Megenagna,0,8,89.3
Megenagna,0,9,65.34
Megenagna,0,10,46.48
Megenagna,0,11,48.45
Megenagna,0,12,53.77
Megenagna,0,13,55.11
Megenagna,0,14,55.1
Megenagna,0,15,52.06
Megenagna,0,16,68.03
Megenagna,0,17,96.83
Megenagna,0,18,110.5
Megenagna,0,19,84.68
Megenagna,0,20,51.28
Megenagna,0,21,23.28
Megenagna,0,22,13.8
Megenagna,0,23,9.05
Megenagna,1,0,12.27
Megenagna,1,1,11.56
Megenagna,1,2,13.75
Megenagna,1,3,12.33
Megenagna,1,4,12.81
Megenagna,1,5,14.94
Megenagna,1,6,19.69
Megenagna,1,7,29.79
Megenagna,1,8,37.4
Megenagna,1,9,42.62
Megenagna,1,10,53.12
Megenagna,1,11,55.43
Megenagna,1,12,59.13
Megenagna,1,13,64.25
Megenagna,1,14,69.43
Megenagna,1,15,64.62
Megenagna,1,16,60.5
Megenagna,1,17,66.38
Megenagna,1,18,55.5
Megenagna,1,19,47.8
Megenagna,1,20,42.19
Megenagna,1,21,29.29
Megenagna,1,22,25.31
Megenagna,1,23,15.5
Merkato,0,0,5.54
Merkato,0,1,4.36
Merkato,0,2,4.65
Merkato,0,3,6.02
Merkato,0,4,9.82
Merkato,0,5,19.31
Merkato,0,6,51.97
Merkato,0,7,84.49
Merkato,0,8,79.69
Merkato,0,9,80.79
Merkato,0,10,89.92
Merkato,0,11,100.87
Merkato,0,12,102.59
Merkato,0,13,101.7
Merkato,0,14,99.36
Merkato,0,15,98.51
Merkato,0,16,80.58
Merkato,0,17,60.08
Merkato,0,18,37.8
Merkato,0,19,24.36
Merkato,0,20,12.55
Merkato,0,21,7.6
Merkato,0,22,5.68
Merkato,0,23,4.49
Merkato,1,0,4.53
Merkato,1,1,5.1
Merkato,1,2,4.0
Merkato,1,3,4.94
Merkato,1,4,7.59
Merkato,1,5,15.93
Merkato,1,6,41.6
Merkato,1,7,72.67
Merkato,1,8,61.81
Merkato,1,9,69.5
Merkato,1,10,78.47
Merkato,1,11,78.38
Merkato,1,12,84.94
Merkato,1,13,78.87
Merkato,1,14,86.44
Merkato,1,15,78.5
Merkato,1,16,64.67
Merkato,1,17,45.73
Merkato,1,18,32.81
Merkato,1,19,19.88
Merkato,1,20,10.27
Merkato,1,21,6.62
Merkato,1,22,3.75
Merkato,1,23,5.44
Piassa,0,0,5.18
Piassa,0,1,4.81
Piassa,0,2,4.79
Piassa,0,3,4.99
Piassa,0,4,5.03
Piassa,0,5,7.62
Piassa,0,6,22.48
Piassa,0,7,53.74
Piassa,0,8,75.11
Piassa,0,9,56.26
Piassa,0,10,27.13
Piassa,0,11,21.2
Piassa,0,12,37.8
Piassa,0,13,54.49
Piassa,0,14,48.34
Piassa,0,15,45.5
Piassa,0,16,64.36
Piassa,0,17,92.41
Piassa,0,18,104.55
Piassa,0,19,78.65
Piassa,0,20,58.58
Piassa,0,21,32.4
Piassa,0,22,17.88
Piassa,0,23,7.82
Piassa,1,0,7.81
Piassa,1,1,5.88
Piassa,1,2,6.25
Piassa,1,3,4.64
Piassa,1,4,5.81
Piassa,1,5,5.44
Piassa,1,6,7.25
Piassa,1,7,8.5
Piassa,1,8,14.0
Piassa,1,9,16.31
Piassa,1,10,21.67
Piassa,1,11,25.12
Piassa,1,12,29.33
Piassa,1,13,29.06
Piassa,1,14,24.94
Piassa,1,15,23.0
Piassa,1,16,25.67
Piassa,1,17,34.88
Piassa,1,18,38.75
Piassa,1,19,35.0
Piassa,1,20,30.0
Piassa,1,21,22.81
Piassa,1,22,15.81
Piassa,1,23,8.62
Sarbet,0,0,5.64
Sarbet,0,1,4.26
Sarbet,0,2,4.4
Sarbet,0,3,4.25
Sarbet,0,4,8.05
Sarbet,0,5,18.33
Sarbet,0,6,43.18
Sarbet,0,7,56.14
Sarbet,0,8,46.21
Sarbet,0,9,27.05
Sarbet,0,10,19.85
Sarbet,0,11,20.42
Sarbet,0,12,21.1
Sarbet,0,13,20.89
Sarbet,0,14,20.85
Sarbet,0,15,19.12
Sarbet,0,16,24.2
Sarbet,0,17,36.18
Sarbet,0,18,45.82
Sarbet,0,19,46.08
Sarbet,0,20,44.51
Sarbet,0,21,28.85
Sarbet,0,22,21.03
Sarbet,0,23,9.51
Sarbet,1,0,7.94
Sarbet,1,1,5.0
Sarbet,1,2,5.07
Sarbet,1,3,5.07
Sarbet,1,4,4.56
Sarbet,1,5,6.31
Sarbet,1,6,9.56
Sarbet,1,7,13.73
Sarbet,1,8,24.44
Sarbet,1,9,30.12
Sarbet,1,10,34.94
Sarbet,1,11,43.5
Sarbet,1,12,42.12
Sarbet,1,13,40.0
Sarbet,1,14,42.19
Sarbet,1,15,40.33
Sarbet,1,16,42.06
Sarbet,1,17,44.47
Sarbet,1,18,41.8
Sarbet,1,19,44.07
Sarbet,1,20,37.31
Sarbet,1,21,29.38
Sarbet,1,22,18.6
Sarbet,1,23,10.06
